Year,Titles
1949,qiao2 ,hui2 dao4 zi4 ji3 dui4 wu3 lai2 ,guang1 mang2 wan4 zhang4 ,zhong1 hua2 nv3 er2 ,bai2 yi1 zhan4 shi4 ,wu2 xing2 de5 zhan4 xian4 ,biao3 ,er4 bai3 wu3 xiao3 chuan2 ,wu1 ya1 yu3 ma2 que4 ,san1 mao2 liu2 lang4 ji4 ,
1950,zhao4 yi1 man4 ,guang1 rong2 ren2 jia1 ,wei4 guo2 bao3 jia1 ,hong2 qi2 ge1 ,gang1 tie3 zhan4 shi4 ,gao1 ge1 meng3 jin4 ,liu2 hu2 lan2 ,liao2 yuan3 de5 xiang1 cun1 ,nei4 meng3 ren2 min2 de5 sheng4 li4 ,bai2 mao2 nv3 ,ren2 min2 de5 zhan4 shi4 ,bao3 wei4 sheng4 li4 guo3 shi2 ,zai4 qian2 jin4 de5 dao4 lu4 shang4 ,lv3 liang2 ying1 xiong2 ,gui3 shen2 bu4 ling2 ,min2 zhu3 qing1 nian2 jin4 xing2 qu3 ,er2 nv3 qin1 shi4 ,he2 ping2 bao3 wei4 zhe3 ,nong2 jia1 le4 ,da4 di4 zhong4 guang1 ,ren2 min2 de5 ju4 zhang3 ,wu3 xun4 chuan2 （shang4 ji2 ）,wu3 xun4 chuan2 （xia4 ji2 ),da4 ping2 chun1 ,si1 xiang3 he2 ti2 ,wo3 zhei4 yi1 bei4 zi5 ,fu3 shi2 ,
1951,gui3 hua4 ,xin1 er2 nv3 ying1 xiong2 chuan2 ,shan3 bei3 mu4 ge1 ,zou3 xiang4 xin1 zhong1 guo2 ,nv3 si1 ji1 ,tuan2 jie2 qi3 lai2 dao4 ming2 tian1 ,sheng4 li4 zhong4 feng2 ,shang4 rao2 ji2 zhong1 ying2 ,hai3 shang4 feng1 bao4 ,cui4 gang3 hong2 qi2 ,liang3 jia1 chun1 ,hong2 lou2 er4 you2 ,wo3 men5 fu1 fu4 zhi1 jian1 ,jie3 jie3 mei4 mei4 zhan4 qi3 lai2 ,guan1 lian2 zhang3 ,cai3 feng4 shuang1 fei1 ,you3 yi1 jia1 ren2 jia1 ,
1952,pu2 tao2 shu2 le5 de5 shi2 hou4 ,liu4 hao4 men2 ,yi1 guan4 hai4 ren2 dao4 ,long2 xu1 gou1 ,nan2 zheng1 bei3 zhan4 ,mei3 guo2 zhi1 chuang1 ,fang1 zhen1 zhu1 ,lao2 dong4 hua1 kai1 ,
1953,feng1 shou1 ,cao3 yuan2 shang4 de5 ru4 men5 ,jie2 hun1 ,xiao3 gu1 xian2 ,zhi4 qu3 hua2 shan1 ,zhao4 xiao3 lan2 ,jin1 yin2 tan1 ,fang3 hua1 qu3 ,wei2 hai2 zi5 men5 zhu4 fu2 ,tai4 yang2 zhao4 liang4 le5 hong2 shi2 gou1 ,
1954,ying1 xiong2 si1 ji1 ,chun1 feng1 chui1 dao4 nuo4 min3 he2 ,sha1 jia1 dian4 liang2 zhan4 ,tu3 di4 ,wu2 qiong2 de5 qian2 li4 ,ren2 wang3 gao1 chu3 zou3 ,yu3 zhou4 feng1 ,shi2 yu4 zhuo2 ,xiao3 bai2 tu4 ,yi1 jian4 ti2 an4 ,ji1 mao2 xin4 ,zhan3 duan4 mo2 zhua3 ,san1 nian2 ,wei3 da4 de5 qi3 dian3 ,du4 jiang1 zhen1 cha2 ji4 ,huai2 shang4 ren2 jia1 ,shan1 jian1 ling2 xiang3 ma3 bang1 lai2 ,yi1 chang3 feng1 bo1 ,bu4 neng2 zou3 nei4 tiao2 lu4 ,fu4 nv3 dai4 biao3 ,liang2 shan1 bo2 yu3 zhu4 ying1 tai2 ,shuang1 tui1 mo2 ,lan2 qiao2 hui4 ,gai4 jiao4 tian1 de5 wu3 tai2 yi4 shu4 ,chuan1 ju4 ji2 jin3 ,
1955,zu3 guo2 de5 hua1 duo3 ,meng3 he2 de5 li2 ming2 ,xia4 tian1 de5 gu4 shi4 ,shen2 mi4 de5 lv3 ban4 ,ping2 yuan2 you2 ji1 dui4 ,luo2 xiao3 lin2 de5 jue2 xin1 ,dong3 cun2 rui4 ,nu4 hai3 qing1 qi2 ,qin2 xiang1 lian2 ,da3 jin1 zhi1 ,mei2 lan2 fang1 de5 wu3 tai2 yi4 shu4 （shang4 ji2 ）,ha1 sen1 yu3 jia1 mi3 la1 ,tian1 luo2 di4 wang3 ,shui3 xiang1 de5 chun1 tian1 ,qing1 chun1 de5 yuan2 di4 ,hu2 shang4 de5 dou4 zheng1 ,min3 jiang1 jie2 zi5 hong2 ,nan2 dao3 feng1 yun2 ,song4 jing3 shi1 ,shang4 jin1 shan1 ,guang3 chang3 za2 ji4 biao3 yan3 ,lian4 yin4 ,tian1 xian1 pei4 ,jiao3 yin4 ,huang2 he2 da4 he2 chang4 ,
1956,hu3 xue2 zhui1 zong1 ,pu1 bu4 mie4 de5 huo3 yan4 ,xin1 ju2 zhang3 dao4 lai2 zhi1 qian2 ,ma3 lan2 hua1 kai1 ,ge1 ge1 he2 mei4 mei4 ,ma3 ,guan1 bu4 zhu4 ,ma1 ma1 yao4 wo3 chu1 jia4 ,pi2 bao1 ,bu4 ju1 xiao3 jie2 de5 ren2 ,ru2 ci3 duo1 qing2 ,guo2 qing4 shi2 dian3 zhong1 ,shang4 gan1 ling3 ,liu2 qiao3 er2 ,hua1 mu4 lan2 ,mei2 lan2 fang1 de5 wu3 tai2 yi4 shu4 （xia4 ji2 ）,luo4 shen2 ,huang1 shan1 lei4 ,zhu4 fu2 ,wei2 le5 he2 ping2 ,chun1 tian1 lai2 le5 ,qiu1 weng1 yu4 xian1 ji4 ,xiao3 bai2 qi2 de5 feng1 bo1 ,shei2 shi4 xiong1 shou3 ,mu3 qin1 ,luo4 shui3 ji4 ,xiao3 huo3 ban4 ,li3 shi2 zhen1 ,liang3 ge4 xiao3 zu2 qiu2 dui4 ,tie3 dao4 you2 ji1 dui4 ,jia1 ,sha1 mo4 li3 de5 zhan4 dou4 ,sou1 shu1 yuan4 ,shi2 wu3 guan4 ,song4 shi4 jie2 ,an1 tang2 xiang1 hui4 ,zhou1 xin4 fang1 de5 yi4 shu4 sheng1 huo2 ,an1 tang2 ren4 mu3 ,ge3 ma2 ,chong1 po4 li2 ming2 qian2 de5 hei1 an4 ,zhei4 jue2 bu4 shi4 xiao3 shi4 qing2 ,you2 yuan2 jing1 meng4 ,huang2 hua1 ling3 ,
1957,bao4 feng1 yu3 zhong1 de5 xiong2 ying1 ,ji4 jing4 de5 shan1 lin2 ,wei4 wan2 cheng2 de5 xi3 ju4 ,fu4 shi4 ,qing1 chun1 de5 jiao3 bu4 ,xun2 ai4 ji4 ,di4 xia4 jian1 bing1 ,lu2 sheng1 lian4 ge1 ,bian1 zhai4 feng1 huo3 ,mu3 nv3 jiao4 shi1 ,mu4 ren2 zhi1 zi5 ,li3 er4 sao3 gai3 jia4 ,hu2 die2 bei1 ,jie4 nian2 ,qun2 ying1 hui4 ,jie4 dong1 feng1 ,du4 shi2 niang2 ,yan4 dang4 shan1 ,yang2 cheng2 an4 shao4 ,dong4 xiao1 heng2 chui1 ,qiu2 chang3 feng1 bo1 ,hai3 hun2 ,mu4 tong2 tou2 jun1 ,ye1 lin2 qu3 ,qing2 zhang3 qi2 shen1 ,nv3 lan2 5hao4 ,wu4 hai3 ye4 hang2 ,xing4 fu2 ,bai4 yue4 ji4 ,chen2 san1 wu3 niang2 ,luo2 han4 qian2 ,a1 fu2 xun2 bao3 ji4 ,feng4 huang2 zhi1 ge1 ,hu4 shi4 ri4 ji4 ,cheng2 feng1 po4 lang4 ,bu4 ye4 cheng2 ,zhan4 dou4 li3 cheng2 zhang3 ,shui3 ,liu3 bao3 de5 gu4 shi4 ,wu3 geng4 han2 ,ji1 zhan4 qian2 ye4 ,chuan1 shan1 ju4 long2 ,da4 mu4 jiang4 ,
1958,hua1 hao3 yue4 yuan2 ,min2 bing1 de5 er2 zi5 ,hong2 hai2 zi5 ,shui3 ku4 shang4 de5 ge1 sheng1 ,dang3 de5 nv3 er2 ,xu2 qiu1 ying3 an4 jian4 ,xuan2 ya2 ,gu3 cha4 zhong1 sheng1 ,ta1 ai4 shang4 le5 gu4 xiang1 ,gong1 di4 qing1 nian2 ,nv3 she4 zhang3 ,li2 ming2 de5 he2 bian1 ,dong1 feng1 ,xin1 lian2 xin1 ,huan4 nan2 zhi1 jiao1 ,san1 nian2 zao3 zhi1 dao4 ,bing4 jian1 qian2 jin4 ,bai2 shou3 qi3 jia1 ,hua4 zhong1 ren2 ,lie4 bing1 deng4 zhi4 gao1 ,xin1 de5 yi1 ke4 ,fu2 wu4 yuan2 ,shuai4 qi2 piao1 piao1 ,chun1 shui3 zhang3 liu2 ,shang1 ba1 de5 gu4 shi4 ,kuai4 ma3 jia1 bian1 ,hong2 ling3 jin1 de5 gu4 shi4 ,tian1 xia4 wu2 nan2 shi4 ,chun1 lei2 ,bao3 shan1 zhi1 ge1 ,huo3 yan4 ju1 ,feng1 zheng1 ,shang4 hai3 gu1 niang2 ,sheng1 huo2 de5 lang4 hua1 ,tan4 qin1 ji4 ,shi2 san1 ling2 shui3 ku4 chang4 xiang3 qu3 ,shan1 li3 de5 ren2 ,yi1 tian1 yi1 ye4 ,liu3 hu2 xin1 song4 ,ping2 fan2 de5 shi4 ye4 ,ye4 zou3 luo4 tuo2 ling3 ,hong2 se4 de5 zhong3 zi5 ,shen1 shan1 li3 de5 ju2 hua1 ,xiao3 kang1 ren2 jia1 ,zhan4 dou4 de5 shan1 cun1 ,cui4 gu3 zhong1 sheng1 ,cong1 ming2 de5 ren2 ,shei2 shi4 bei4 pao1 qi4 de5 ren2 ,di4 san1 ci4 shi4 yan4 ,gang1 ren2 tie3 ma3 ,ju4 lang4 ,you2 chuan2 huo3 yan4 ,dian3 xing2 bao4 gao4 ,chang2 qing1 shu4 ,wang4 jiang1 heng1 ,xia4 xiang1 yu3 gan3 jiao3 ,lan2 lan2 he2 dong1 dong1 ,san1 mao2 xue2 sheng1 yi4 ,tie3 chuang1 lie4 huo3 ,da4 yue4 jin4 zhong1 de5 xiao3 zhu3 ren2 ,qian2 fang1 lai2 xin4 ,bu4 gu3 niao3 you4 jiao4 le5 ,qian1 nv3 nao4 hai3 ,da4 feng1 lang4 li3 de5 xiao3 gu4 shi4 ,huang2 bao3 mei4 ,20tian1 ge2 ge4 ming4 ,ying1 xiong2 gan3 pai4 ke4 ,zhong4 yao4 de5 yi1 ke4 ,liang3 ge4 ying2 ye4 yuan2 ,gang1 hua1 bian4 di4 kai1 ,ni3 zhui1 wo3 gan3 ,hai3 shang4 hong2 qi2 ,xin1 an1 jiang1 shang4 ,zhen1 zhu1 ji4 ,liu2 jie4 mei2 ,lin2 chong1 ,liang3 ge4 xun2 luo2 bing1 ,miao2 jia1 er2 nv3 ,wu2 ming2 ying1 xiong2 ,lu3 ban1 de5 chuan2 shuo1 ,san1 ba1 he2 bian1 ,ai4 chang3 ru2 jia1 ,di4 yi1 lie4 kuai4 che1 ,xiao1 fang2 zhi1 ge1 ,wo4 long2 hu2 ,tie3 shu4 kai1 hua1 ,gang1 cheng2 hu3 jiang1 ,re4 lang4 ben1 teng2 ,mu4 gui4 ying1 gua4 shuai4 ,qing2 tan4 ,san1 ge4 zhan4 you3 ,hei1 shan1 zu3 ji1 zhan4 ,zhang3 kong1 bi3 yi4 ,hong2 xia2 ,ying1 xiong2 hu3 dan3 ,du4 jiang1 tan4 xian3 ,yi1 ri4 qian1 li3 ,yong3 bu4 xiao1 shi4 de5 dian4 bo1 ,po4 chu2 mi2 xin4 ,fan3 lao3 hai2 tong2 ,jin1 ling2 chuan2 ,hai3 kuo4 tian1 kong1 ,lang2 ya2 shan1 wu3 zhuang4 shi4 ,xian4 wei3 shu1 ji4 ,yang2 guan1 da4 dao4 ,jie1 ban1 ren2 ,
1959,chuan2 chang3 zhui1 zong1 ,gang1 zhu1 fei1 che1 ,kang1 zhuang1 da4 dao4 ,wo3 men5 cun1 li3 de5 nian2 qing1 ren2 （shang4 ji2 ）,xi1 cheng2 de5 gu4 shi4 ,xiao4 zhu2 yan2 kai1 ,shi4 hang2 ,bing1 shang4 jie3 mei4 ,jie4 qin1 pei4 ,wu3 duo3 jin1 hua1 ,feng1 cong2 dong1 fang1 lai2 ,cao3 yuan2 chen2 qu3 ,huang2 he2 fei1 du4 ,chao2 xia2 ,yun2 wu4 shan1 zhong1 ,qing1 yun2 qu3 ,san1 kan1 hu2 die2 meng4 ,hai3 shang4 shen2 ying1 ,dou4 e2 yuan1 ,jin1 yu4 ji1 ,huan4 le5 ren2 jian1 ,zhan4 huo3 zhong1 de5 qing1 chun1 ,liu2 shui3 huan1 ge1 ,qian2 shao4 ,chen2 san1 liang3 ,shuai1 jing4 jia4 ,lin2 jia1 pu1 zi5 ,wu2 ming2 dao3 ,kuang4 deng1 ,fei1 yue4 tian1 xian3 ,feng1 bao4 ,qing1 chun1 zhi1 ge1 ,huan1 tian1 xi3 di4 ,shui3 shang4 chun1 qiu1 ,liang2 shi2 ,bai3 feng4 chao2 yang2 ,san1 ge4 mu3 qin1 ,lv4 zhou1 kai3 ge1 ,hao3 hai2 zi5 ,nie4 er3 ,huang2 pu3 jiang1 de5 gu4 shi4 ,jin1 tian1 wo3 xiu1 xi1 ,wan4 zi3 gan1 hong2 zong3 shi4 chun1 ,xiang4 hai3 yang2 ,qiao2 lao3 ye2 shang4 jiao4 ,lin2 ze2 xu2 ,lao3 bing1 xin1 chuan2 ,nv3 fu4 ma3 ,bai3 sui4 gua4 shuai4 ,sheng1 si3 pai2 ,gang1 tie3 shi4 jia1 ,chun1 man3 ren2 jian1 ,sha1 mo4 zhui1 fei3 ji4 ,di4 xia4 shao3 xian1 dui4 ,xiang1 piao1 wan4 li3 ,di4 xia4 hang2 xian4 ,chun1 feng1 yang2 liu3 ,bao3 lian2 deng1 ,zhui1 yu2 ,xing1 xing1 zhi1 huo3 ,jie2 ri4 ge1 wu3 ,bu4 lao3 song1 ,an1 hui1 xi4 qu3 ji2 jin3 ,hui2 min2 zhi1 dui4 ,jiang1 shan1 duo1 jiao1 ,hai3 ying1 ,wan4 shui3 qian1 shan1 ,lie4 huo3 zhen1 jin1 ,wu3 duo3 hong2 yun2 ,ying1 xiong2 dao3 ,chi4 feng1 hao4 ,you3 yi4 ,zhan4 shang4 hai3 ,mu4 gui4 ying1 gua4 shuai4 ,yu2 dao3 zhi1 zi5 ,xue3 hai3 yin2 shan1 ,tian1 shan1 ge1 sheng1 ,xian1 hua1 duo3 duo3 kai1 ,ren2 xiao3 zhi4 da4 ,gan3 xiang3 gan3 zuo4 de5 ren2 ,er4 du4 mei2 ,
1960,hai2 hun2 ji4 ,hong2 yan4 ,tai4 yang2 gang1 gang1 chu1 shan1 ,tuan2 yuan2 zhi1 hou4 ,kun1 lun2 tie3 qi2 ,zai4 sheng1 ji4 ,tie3 dao4 wei4 shi4 ,feng1 huo3 lie4 che1 ,shen2 yang1 shou3 ,shi2 ji2 lang4 ,pan1 yang2 song4 ,liu2 san1 jie3 ,qiang1 di2 song4 ,dong1 feng1 di4 yi1 zhi1 ,kong1 yin4 he2 ,wo3 men5 shi4 yi1 dai4 ren2 ,you2 yuan2 jing1 meng4 ,wei2 le5 liu4 shi2 yi1 ge4 jie1 ji2 xiong1 di4 ,yang2 men2 nv3 jiang1 ,wu3 cai3 lu4 ,yi3 ge2 ming4 de5 ming2 yi4 ,hong2 hua1 bian4 di4 kai1 ,chun1 nuan3 hua1 kai1 ,geng1 yun2 bo1 yu3 ,hong2 qi2 pu3 ,ge2 ming4 jia1 ting2 ,liu4 shi2 nian2 dai4 di4 yi1 chun1 ,chuang3 guan1 ,ji1 liu2 ,mian3 dian4 wen2 hua4 dai4 biao3 tuan2 fang3 hua2 yan3 chu1 ,mo2 ya3 dai3 ,ma3 lan2 hua1 ,guan1 han4 qing1 ,qin2 niang2 mei3 ,nv3 shen3 ,ta1 men5 de5 xin1 yuan4 ,feng1 liu2 ren2 wu4 shu4 jin1 chao2 ,xiang4 yang2 hua1 kai1 ,dou4 shi1 ting2 ,sun1 wu4 kong1 san1 da3 bai2 gu2 jing1 ,hong2 ying1 zhan3 chi4 ,shi2 er4 ci4 lie4 che1 ,san1 ba1 xian4 shang4 ,ke1 shan1 hong2 ri4 ,lin2 hai3 xue3 yuan2 ,hong2 ying1 ,meng3 long3 sha1 ,qi2 xi2 ,ying1 xiong2 shi1 pian1 ,xin1 dui4 yuan2 ,hui4 yan3 dan1 xin1 ,bi4 kong1 yin2 hua1 ,yong3 heng2 de5 you3 yi4 ,kang4 han4 qu3 ,cao3 yuan2 feng1 bao4 ,san1 di1 xue4 ,yi1 wen2 qian2 ,jia1 ling2 jiang1 bian1 ,liang3 dai4 ren2 ,qin1 ren2 ,ge2 ming4 feng1 bao4 zhan4 sheng4 long2 juan3 feng1 ,fu4 zi5 liang3 ,ta1 men5 zai4 zhan4 dou4 ,bei4 lei3 chu1 kai1 ,
1961,ma3 xi4 tuan2 de5 xin1 jie2 mu4 ,wan4 mu4 chun1 ,jian4 shui3 dong1 liu2 ,dong1 mei2 ,shu3 jia3 de5 li3 wu4 ,hong2 hu2 chi4 wei4 dui4 ,bao4 feng1 zhou4 yu3 ,chun1 lei2 ,bei3 da4 huang1 ren2 ,51hao4 bing1 zhan4 ,ku1 mu4 feng2 chun1 ,man4 luo2 hua1 ,chun1 cui1 tao2 li3 ,hong2 se4 niang2 zi5 jun1 ,ying1 xiong2 xiao3 ba1 lu4 ,xiao3 dao1 hui4 ,tu1 po4 wu1 jiang1 ,bi4 kong1 xiong2 shi1 ,hong2 shan1 hu2 ,li4 jing4 ji4 ,ba1 shan1 hong2 lang4 ,yan2 an1 you2 ji1 dui4 ,da2 ji2 he2 ta1 de5 fu4 qin1 ,yuan3 fang1 xing1 huo3 ,feng1 xue3 da4 bie2 shan1 ,kou4 zhun3 bei4 xue1 ,
1962,qi1 tian1 qi1 ye4 ,san1 guan1 pai2 yan4 ,liu3 yi4 chuan2 shu1 ,jia3 wu3 feng1 yun2 ,lu2 huo3 zheng4 hong2 ,hua1 er2 duo3 duo3 ,kun1 lun2 shan1 shang4 yi1 ke1 cao3 ,yang2 nai3 wu3 yu3 xiao3 bai2 cai4 ,ye3 zhu1 lin2 ,ting2 zhan4 yi3 hou4 ,a1 na4 er3 han3 ,jin3 shang4 tian1 hua1 ,sun1 an1 dong4 ben3 ,li3 shuang1 shuang1 ,hong2 lou2 meng4 ,bi4 yu4 zan1 ,mo2 shu4 shi1 de5 qi2 yu4 ,nv3 li3 fa1 shi1 ,liao2 yuan2 ,da4 li3 、xiao3 li3 he2 lao3 li3 ,dong1 jin4 xu4 qu3 ,ge1 liang3 hao3 ,huai2 shu4 zhuang1 ,di4 lei2 zhan4 ,e4 er3 duo1 si1 feng1 bao4 ,bi4 hai3 dan1 xin1 ,ying1 xiong2 tan3 ke4 shou3 ,han2 jiang1 hua1 si4 jin3 ,nan2 hai3 chao2 （shang4 ji2 ）,qi2 wang2 qiu2 jiang1 ,hong2 ye4 ti2 shi1 ,sheng1 ming4 de5 huo3 hua1 ,shang4 xiao3 yun2 wu3 tai2 yi4 shu4 ,qiao2 tai4 shou3 luan4 dian3 yuan1 yang1 pu3 ,
1963,bing1 shan1 shang4 de5 lai2 ke4 ,hua1 wei2 mei2 ,zi4 you3 hou4 lai2 ren2 ,chao2 yang2 gou1 ,wo3 men5 cun1 li3 de5 nian2 qing1 ren2 （xu4 ji2 ),man3 yi4 bu4 man3 yi4 ,liang3 jia1 ren2 ,qiang2 tou2 ma3 shang4 ,bing1 xue3 jin1 da2 lai2 ,fen2 shui3 zhang3 liu2 ,hong2 he2 ji1 lang4 ,zao3 chun1 er4 yue4 ,xiao3 bing1 zhang1 ga1 ,chun1 yan4 zhan3 chi4 ,mu4 gui4 ying1 da4 zhan4 hong2 zhou1 ,xiong1 mei4 tan4 bao3 ,fei1 dao1 hua2 ,you2 san1 jie3 ,ru2 ci3 die1 niang2 ,bei3 guo2 jiang1 nan2 ,shui3 shou3 zhang3 de5 gu4 shi4 ,niu2 lang2 zhi1 nv3 ,hong2 ri4 ,jin1 sha1 jiang1 pan4 ,bao3 hu2 lu2 de5 mi4 mi4 ,can2 hua1 gu1 niang2 ,wu3 song1 ,shuang1 zhu1 feng4 ,huai2 yin4 ji4 ,qiu2 mi2 ,ye3 huo3 chun1 feng1 dou4 gu3 cheng2 ,nong2 nu2 ,nu4 chao2 ,zhua1 zhuang4 ding1 ,ge2 ming4 li4 shi3 ge1 qu3 biao3 yan3 chang4 ,duo2 yin4 ,gen1 zong1 zhui1 ji1 ,qi1 shi2 er4 jia1 fang2 ke4 ,mao2 zi5 pei4 chuang3 gong1 ,tao2 hua1 shan4 ,
1964,zha2 mei3 an4 ,du2 li4 da4 dui4 ,bing1 lin2 cheng2 xia4 ,ying1 xiong2 er2 nv3 ,hong2 guan3 jia1 ,hao3 xi2 fu4 ,nan2 hai3 de5 zao3 chen2 ,nv3 tiao4 shui3 dui4 yuan2 ,cai3 die2 fen1 fei1 ,xiao3 ling2 dang1 ,qing1 nian2 lu3 ban1 ,xiao3 er4 hei1 jie2 hun1 ,qian1 wan4 bu4 yao4 wang4 ji4 ,cao3 yuan2 xiong2 ying1 ,jian4 gan1 he2 bian1 ,qing1 shan1 lian4 ,a1 shi1 ma3 ,feng1 shou1 zhi1 hou4 ,li3 shan4 zi5 ,bai2 qiu2 en1 da4 fu1 ,jia1 ting2 wen4 ti2 ,ni2 hong2 deng1 xia4 de5 shao4 bing1 ,xue4 bei1 ,an4 bian1 ji1 lang4 ,dai4 bing1 de5 ren2 ,lei2 feng1 ,fen1 shui3 ling3 ,xu4 ri4 dong1 sheng1 ,dong1 feng1 wan4 li3 ,ni4 feng1 qian1 li3 ,liu2 ming2 zhu1 ,tian1 shan1 de5 hong2 hua1 ,
1965,shan1 cun1 hui4 ji4 ,san1 jin4 shan1 cheng2 ,jing3 po1 gu1 niang2 ,“te4 kuai4 ”lie4 che1 ,qing1 song1 ling3 ,lu4 kao3 ,chuan2 qiang1 ji4 ,bai2 shan1 xin1 ge1 ,yi1 ke1 hong2 xin1 ,jin1 yao4 chi2 ,duo3 duo3 hong2 hua1 xiang4 tai4 yang2 ,jie2 zhen4 guo2 ,lie4 huo3 zhong1 yong3 sheng1 ,mei2 dian4 xin1 gong1 ren2 ,shan1 cun1 jie3 mei4 ,hong2 se4 bei4 lou3 ,long2 ma3 jing1 shen2 ,hua2 bei3 qu1 ye4 yu2 hua4 ju4 wu3 tai2 yi4 shu4 pian4 （shang4 ji2 ）,hua2 bei3 qu1 ye4 yu2 hua4 ju4 wu3 tai2 yi4 shu4 pian4 （xia4 ji2 ）,mai3 niu2 、ba1 gua1 yuan2 ,san1 duo3 xiao3 hong2 hua1 ,lang4 tao1 gun3 gun3 ,xiao3 zu2 qiu2 dui4 ,huang2 sha1 lv4 lang4 ,hong2 hua1 qu3 ,nong2 jia1 bao3 、liang3 long3 di4 ,zhei4 shi4 wo3 ying1 gai1 zuo4 de5 ,gu1 sao3 lian4 wu3 ,nian2 qing1 de5 yi1 dai4 ,ju3 tai2 ,wu3 tai2 jie3 mei4 ,xi4 qu3 ji2 jin3 ,shang4 hai3 zhi1 chun1 ,wo3 men5 ai4 nong2 cun1 ,fu2 jian4 gong1 yi4 xin1 hua1 ,shang4 hai3 shi4 shao3 nian2 er2 tong2 ge2 ming4 ge1 wu3 xuan3 ji2 ,da3 ji1 qin1 lve4 zhe3 ,ku3 cai4 hua1 ,mi4 mi4 tu2 zhi3 ,di4 dao4 zhan4 ,sheng4 li4 zai4 wang4 ,ye1 lin2 nu4 huo3 ,jun1 ken3 zhan4 ge1 ,dong1 fang1 hong2 ,shuang1 jiao4 zi5 ,shan1 cun1 xin1 qu3 ,da3 tong2 luo2 、bu3 guo1 ,hong2 mei2 ling3 ,ren2 huan1 ma3 jiao4 ,jun1 ge1 liao2 liang4 ,
1966,ha1 er3 bin1 zhi1 xia4 ,yan4 hong2 ling3 xia4 ,hong2 se4 you2 lu4 ,nv3 fei1 xing2 yuan2 ,hong2 shi2 zhong1 sheng1 ,ta1 men5 zai4 cheng2 zhang3 ,shang4 hai3 gong1 yi4 mei3 shu4 ,yi1 bai3 ge4 fang4 xin1 ,qing1 chun1 hong2 si4 huo3 ,you2 xiang1 ,jie4 niu2 ,song4 liang2 ,da4 lang4 tao2 sha1 ,yi1 dai4 mai4 zhong3 ,lao3 bao3 guan3 、xin1 xi2 fu4 lai2 le5 ,yi1 chuan4 xiang4 lian4 ,