Chinese,Translation
玛拉沁夫,Malchinhuu (Mongolian)
广布道尔基,Erji Guangbudao (Mongolian)
宦爵才郎,Dpal Vbyor Bsod Nams (Tibetan)
上海市人民淮剧团-马仲怡,People's Huai Opera Troupe of Shanghai represented by Ma Zhongyi
集体创作-李孝充,Collective creation represented by Li Xiaochong
欧阳红樱,Ouyang Hongying
特·达木林,Te Damlin (Mongolian)
集体创作-孙穆,Collective creation represented by Sun Mu
集体创作-吴天,Collective creation represented by Wu Tian
长影第六创作组集体创作-何可人,The Sixth Scriptwriting Group of Changchun Film Studio represented by He Keren
罗歇·比果,Roger Pigaut (French)
比埃尔·普莱凡,Pierre Prévert (French)
亨利·阿尔康,Henri Alekan (French)
爱米勒·维莱尔勃,Billy Vilerbue (French)
爱德华·朗兹,Édouard Luntz (French)
上官云珠,Shangguan Yunzhu (French)
B·柯热夫尼阔夫,Vadim Kozhevnikov (Russian)
E·吉甘,Efim Dzigan (Russian)
E·吉尔贝尔斯坦,E. Gilberstein (Russian; src)
A·哥里查特,Arkadi Koltsaty (Russian)
J·基谢廖夫,Pyotr Kiselyov (Russian)
H·克留柯夫,Nikolai Kryukov (Russian)
B·拉古金,Valentin Lagutin (Russian)
寇纪文伟,Kou Jiwenwei
M·莫图索夫斯基,Mikhail Matusovsky (Russian)
JJ·马尼拉切夫,P. Manilachev (Russian; src)
M·谢苗诺夫,M. Semyonov (Russian; src)
K·莫斯科维娜,K. Moskvina (Russian; src)
B·雅阔夫廖夫,B. Yakovlev (Russian; src)
B·都多洛娃,Veronika Borisovna Dudarova (Russian)
O·卡拉耶夫,Gara Garayev (Russian)
珠兰琪琪柯,Julan Chiquique (Mongolian)
甘肃省话剧团集体创作-程士荣,Gansu Provincial Drama Troupe represented by Cheng Shirong
赫捷耶夫,Khteyev (Uyghur)
集体创作-查列,Collective creation represented by Cha Lie
第四创作组集体创作-张天民,The Fourth Scriptwriting Group of Changchun Film Studio represented by Zhang Tianmin
第三创作组集体创作-李玉华,The Third Scriptwriting Group of Changchun Film Studio represented by Li Yuhua
沈阳铁路公安集体创作-陈治洪,Shenyang Railway Security Department represented by Chen Zhihong
长春市评剧团集体创作-沈瑞苓,Changchun Ping Opera Troupe represented by Shen Ruicen
集体创作-谢添,Collective creation represented by Xie Tian
米·沙特洛夫(苏联),Mikhail Shatrov (USSR) (Russian)
广州东山区创作组集体创作-王荣玲,Guangzhou Dongshan-District Scriptwriting Group represented by Wang Rongling
热合木·哈斯木夫,Rehemu Hasmov (Uyghur)
阿依夏木,Aisham (Uyghur)
欧阳道云,Ouyang Daoyun
安徽省怀远县电影剧本创作小组集体创作-蒋庆棣,Anhui Huaiyuan Scriptwriting Group represented by Jiang Qingli
集体创作-梅少山,Collective creation represented by Mei Shaoshan
牡丹江农垦局文工团集体创作-小范,Art Troupe of Mudanjiang Agriculture Department represented by Xiaofan
集体创作-钟纪明,Collective creation represented by Zhong Jiming
阿勒哈木,AlHam (Uyghur)
阿合台木,Akhtaim (Uyghur)
赫捷也夫,Khoteyev (Uyghur)
依不拉音,Ibrayin (Uyghur)
南京市越剧团创作组集体创作-计大为,Nanjing Shaoxing Opera Troup represented by Ji Dawei
库尔班·伊明,Kurban Imin (Uyghur)
帕蒂曼·库尔班,Patiman Kurban (Uyghur)
土呼提·肉孜,Tuhuti Rozi (Uyghur)
古里米尔,Gurimir (Uyghur)
才旦卓玛,Caidan Dolma (Tibetan)
空军政治部文工团编导组集体创作-牛畅,Aviation Art Troupe represented by Niu Chang
集体创作-李洪辛,Collective creation represented by Li Hongxin
赛比哈孜,Sebihazi (Uyghur)
宝坻县社员赵勤,Zhao Qin from Baodi Commune
河南安阳专区范县创作组-陈洁,Henan Fan-County Scriptwriting Group represented by Chen Jie
库尔班·依布拉音,Kurban Ibrahim (Uyghur)
肉孜·吐尔地,Rozi Turti (Uyghur)
集体创作-俞石,Collective creation represented by Yu Shi
上海市嘉定县锡剧团-幸之,Shanghai Jiading Wuxi Opera Troupe represented by Xingzhi
集体创作-庄新儒,Collective creation represented by Zhuang Xinru
集体创作-马尔路,Collective creation represented by Ma Erlu
河南省项城影剧剧目组-赵淑忍,Henan Xiangcheng Shadowplay Troupe represented by Zhao Shuren
甘肃省武威专区人民歌舞剧团-常重新,People's Dancing Troupe of Gansu Wuwei represented by Chang Chongxin
甘肃省武威专区人民歌舞剧团-王坤,People's Dancing Troupe of Gansu Wuwei represented by Wang Kun
欧阳如秋,Ouyang Ruqiu
宝音巴图,Baoyin Batu (Mongolian)
甘吐木耳,Gantu Mur (Mongolian)
特木其勒,Temqila (Mongolian)
宝音和什格,Boyin Heshige (Mongolian)
甘珠尔扎布,Ganjurjab (Mongolian)
吉木森格瓦,Jimu Sengwa (Mongolian)
乌尔沙娜,Ursana (Mongolian)
彼得洛夫,Vladimir Petrov (Russian)
小王玉蓉,Wang Yurong Jr
珠岚·琪奇珂,Julan Chiquique (Mongolian)
小盖叫天,Gai Jiaotian Jr
克里木江,Krimujon (Uyghur)
阿吾贝克,Aubek (Uyghur)
阿不都马力克,Abdul Malik (Uyghur)
郝斯力汗,Hoslihan (Uyghur)
麦斯武德,Maswud (Kazakhs)
朱马哈孜,Jumahaz (Kazakhs)
欧阳明德,Ouyang Mingde
苏尔坦·买吉托夫,Sultan Maigitov (Uyghur)
托乎地·毛勒太吉,Tohudi Maultaiji (Uyghur)
努莉亚孜·伊利亚索瓦,Nuliaz Ilyasova (Uyghur)
格根塔娜,Gergentana (Mongolian)
司徒慧聪,Situ Huicong
派特里克·特·巴尔地纳,Patrick de Bardine (French)
茜尔维也娜·罗森堡,Sylviane Rozenberg (French)
钱立·齐曼斯基,Gérard Szymanski (French)
N·库达柯夫斯基,Anatoly Kuznetsov (Russian)
B·叶尔少夫,Konstantin Ershov (Russian)
M·康特拉其耶夫,Mikhail Kondratev (Russian)
N·季米特列耶夫,Ivan Dmitriev (Russian)
C·国吉,Sergey Godzi (Russian)
拉季耶娃,Inna Kondrateva (Russian)
B·拉东斯卡娅,Viktoriya Radunskaya (Russian)
O·苏普罗其夫娜,O. Suprotivnaya (Russian)
B·索保列夫斯基,V. Sobolevsky (Russian)
B·马利谢耶克,Nikolai Makarenko (Russian)
宝音吉尔嘎郎,Baoyin Jiergalang (Mongolian)
周本才让,Zhouben Cairang (Mongolian)
斯拉基丁,Slakidin (Uyghur)
努尔·买买提,Noor Mehmet (Uyghur)
托乎地·毛拉塔吉,Tohudi Mullataji (Uyghur)
吐兰柯孜,Tulan Kezi (Uyghur)
素里唐·马木提,Suridang Mahmuti (Uyghur)
吟迪尔·库特鲁克,Indir Kutruk (Uyghur)
艾山·玉素甫,Hasan Yusuf (Uyghur)
乌尔尼沙,Urnisha (Uyghur)
吐尔迪·木沙,Turdi Musa (Uyghur)
买买提·依不拉音,Mehmet Yibulayin (Uyghur)
托乎地·艾则孜,Tuohudi Ezezi (Uyghur)
祖农柯孜,Zunnunqiz (Uyghur)
买买提江,Memetjan (Uyghur)
尧鲁瓦斯汗,Jaurwas Khan (Uyghur)
买买提·克里木,Mehmet Kerim (Uyghur)
小六龄童,Zhang Jinxing
道洛霍夫,Dolokhov (Russian; src)
阿卜都维利,Abduwilli (Uyghur)
阿不都立米提,Abdul Mithi (Uyghur)
买买提西日甫,Mehmet Sirif (Uyghur)
托乎提艾则孜,Tuohuti Alziz (Uyghur)
买买提·克里木,Mehmet Kerim (Uyghur)
黑莫伊罗,Hei Mo Yi Luo (Nuosu)
阿尔克赛,Arksay (Uyghur)
吐尔逊·艾山,Turson Hasan (Uyghur)
托乎提·艾则孜,Tuohuti Ezezi (Uyghur)
乌布尔·海里,Upur Khaili (Uyghur)
买买提伊明,Mehmet Ming (Uyghur)
苏里唐·马木提,Suritang Mamti (Uyghur)
乌里亚特,Uriat (Uyghur)
努尔买买提,Nur Mehmet (Uyghur)
艾山买素提,Hasan Masuthi (Uyghur)
库拉克夫,Viktor Kulakov (Russian)
鲁斯拉诺夫,Ruslanov (Russian; src)
波波维奇,Pavel Popovich (Russian)
买买提·依不拉音江,Mehmet Ibrayimjan (Uyghur)
土呼提·艾则孜,Tuhuti Aizezi (Uyghur)
肉孜·亚生,Rozi Yasse (Uyghur)
阿不力孜·玉素甫,Abliz Yusuf (Uyghur)
切曼古勒,Cemangul (Uyghur)
阿娃尼莎,Avanesa (Uyghur)
热依罕·克里木,Reyhan Kerim (Uyghur)
乌玛尔·玉赛音,Umar Yusain (Uyghur)
阿不都力密提,Abdulmithi (Uyghur)
吐尔地木萨,Turtimusa (Uyghur)
买买提西里甫,Mehmet Sirif (Uyghur)
乌布力海尔,Ublihail (Uyghur)
小杨天笑,Yang Tianxiao Jr
拾崔卓玛,Shicui Dolma (Tibetan)
白玛央杰,Baima Yangjie (Tibetan)
顿珠平措,Dunzhu Pingcuo (Tibetan)
扎西拉姆,Zhaxi Lamu (Tibetan)
索南次仁,Suonan Ciren (Tibetan)
边巴顿珠,Bianba Dunzhu (Tibetan)
次仁多吉,Ciren Duoji (Tibetan)
次仁央宗,Ciren Yangzong (Tibetan)
索南绕登,Suonan Raodeng (Tibetan)
阿依吐拉,Aitura (Uyghur)
莫德格玛,Modegma (Mongolian)
欧米加参,Oumi Jiacan (Tibetan)
阿不都拉赫曼·阿瓦孜,Abdul Rahman Awaz (Uyghur)
努尔尼莎·司玛依,Nurnisha Simayi (Uyghur)
斯拉基丁·斯拉音,Slakidin Slain (Uyghur)
热比亚·巴拉提,Rebiya Bharati (Uyghur)
阿不都克里木·艾利,Abdukrim Ari (Uyghur)
帕它木·热一丁,Patamu Reyiding (Uyghur)
玛黑拜代儿·达乌提,Mahabadel Dauti (Uyghur)
萨尼亚·莫玛汉,Sania Momahan (Uyghur)
木特里夫,Mutreve (Uyghur)
阿力别克,Alibek (Uyghur)
别尔特罕,Berthan (Uyghur)
瓦里尤拉,Variola (Uyghur)
阿乌巴克尔,Aubakr (Uyghur)
明娜婉尔,Minna Waner (Uyghur)
阿布都勒,Abdullah (Uyghur)
木塔里夫,Mutarif (Uyghur)
木哈塔尔,Mukhtar (Uyghur)
梅普玛鲁,Mei Pu Ma Lu (Jingpo)
木定马都,Mu Ding Ma Du (Jingpo)
腊东音波,La Dong Yin Bo (Jingpo)
勒排玛瑞,Le Pai Ma Rui (Jingpo)
法斯特·加布列拉,Fast Gabriela (Spanish; src)
艾丽曼·阿不都拉,Elliman Abdullah (Uyghur)
买买提·谢力甫,Maimat Xie Lifu (Uyghur)
吐尔逊·托乎提,Tursun Tohuti (Uyghur)
阿不都·热合曼,Abdul Rahman (Uyghur)
尤努司·阿比提,Yunus Abiti (Uyghur)
尼牙孜·木明,Niyaz Momin (Uyghur)
阿不都拉·买买提,Abdullah Maimat (Uyghur)
达吾提·尼牙孜,Dawut Niyaz (Uyghur)
阿依夏木,Aisham (Uyghur)
帕塔姆·热一丁,Patam Reyiding (Uyghur)
苏来曼·肉孜,Sulaiman Rozi (Uyghur)
欧阳莎菲,Ouyang Shafei
Nikolai Alexeevich Ostrovsky,Nikolai Alexeevich Ostrovsky
莫尔恨,Morhen (Mongolian)
莫依根,Moigen (Mongolian)
乌日娜,Urina (Mongolian)
达乌提,Dauti (Mongolian)
桑都楞,Sanduren (Mongolian)
米拉丁,Milatin (Uyghur)
麦尔甫,Meirfu (Uyghur)
乌力克,Urik (Uyghur)
热合曼,Rehmann (Uyghur)
赛尔贝,Serbe (Uyghur)
斯地克,Sutikk (Uyghur)
恩和森,En Hesen (Mongolian)
丹森尼玛,Dansenima (Mongolian)