qiao,东北 [confidence:0.8518520342513511],一九四七年冬 [confidence:0.5707499501174489]
hui dao zi ji dui wu lai,吴城 [confidence:0.593926273953187],解放战争时期 [confidence:0.662976558345445]
guang mang wan zhang,东北 [confidence:0.9436402558194246],None
zhong hua nv er,东北 [confidence:0.3610149750290539],一九三六年 [confidence:0.9590756535579601]
bai yi zhan shi,None,None
wu xing de zhan xian,东北 [confidence:0.9542350536183868],None
biao,十里洋场 [confidence:0.8825904729359451],None
er bai wu xiao zhuan,ERROR: input text too long : 282131 [confidence:0.0] | ,ERROR: input text too long : 282131 [confidence:0.0] | 
wu ya yu ma que,ERROR: input text too long : 282131 [confidence:0.0] | ,ERROR: input text too long : 282131 [confidence:0.0] | 
san mao liu lang ji,None,None
zhao yi man,陕北 [confidence:0.6153529938714293],一九三五年冬 [confidence:0.6772027468518047]
guang rong ren jia,东北 [confidence:0.9009861871003224] | 东北解放区 [confidence:0.8305775814539089],一九四八年冬天 [confidence:0.9195043597016941]
wei guo bao jia,陈家庄 [confidence:0.6779087227303506],None
hong qi ge,某城市 [confidence:0.37850790107047416],解放前 [confidence:0.2770944707561611]
gang tie zhan shi,None,一九四六年初夏 [confidence:0.9500445671082787]
gao ge meng jin,None,None
liu hu lan,中国 [confidence:0.5092719852349035],None
liao yuan de xiang cun,桃花川 [confidence:0.3805239933926714],之后 [confidence:0.4796474040702279]
nei meng ren min de sheng li,内蒙某旗 [confidence:0.4958719546401369],None
bai mao nv,华北 [confidence:0.9691436470500641],两年后 [confidence:0.3571178020603867]
ren min de zhan shi,东北 [confidence:0.6143404479984156] | 江南 [confidence:0.6334199256694824] | 江南 [confidence:0.684499350604785],一九四六年 [confidence:0.9258259373955013]
bao wei sheng li guo shi,解放区 [confidence:0.8462673576702002],一九四六年 [confidence:0.9649004570478965]
zai qian jin de dao lu shang,东北 [confidence:0.9515731116410535] | 东北 [confidence:0.8468698673634201],一九四九年冬 [confidence:0.6967620796191056]
lv liang ying xiong,吕梁山康家寨 [confidence:0.3920406859847603] | 晋绥根据地 [confidence:0.4840345241127224],一九四二年春 [confidence:0.8918886147781357]
gui shen bu ling,None,两年后 [confidence:0.6021156610675433]
min zhu qing nian jin xing qu,中国 [confidence:0.8863240337651064],None
er nv qin shi,中国 [confidence:0.4209521400695557],None
he ping bao wei zhe,None,一九四九年十月一日 [confidence:0.8951413078224633]
nong jia le,杜家庄 [confidence:0.6780994908879094],None
da di chong guang,江南 [confidence:0.6347484612407612],一九四五年八月 [confidence:0.894750915163911]
ren min de ju zhang,None,上海解放前夕 [confidence:0.6157611441115876]
wu xun zhuan (shang ji),ERROR: input text too long : 282131 [confidence:0.0] | ,ERROR: input text too long : 282131 [confidence:0.0] | 
wu xun zhuan (xia ji),ERROR: input text too long : 282131 [confidence:0.0] | ,ERROR: input text too long : 282131 [confidence:0.0] | 
tai ping chun,浙东 [confidence:0.8373753986701331],None
si xiang wen ti,None,None
wo zhe yi bei zi,ERROR: input text too long : 282131 [confidence:0.0] | ,ERROR: input text too long : 282131 [confidence:0.0] | 
fu shi (1950),解放区 [confidence:0.5122504345752255],抗日战争时期 [confidence:0.739581267017595]
gui hua,None,None
xin er nv ying xiong zhuan,None,一九三七年“七·七“事变 [confidence:0.5793075640526197]
shan bei mu ge,陕北高原卧牛镇 [confidence:0.4513289944380894],一九三五年 [confidence:0.949083404858392]
zou xiang xin zhong guo,解放区 [confidence:0.6164588368263324] | 中国 [confidence:0.6535110842427052] | 中国 [confidence:0.424986898040018],None
nv si ji,东北 [confidence:0.8637144830842587] | 中国 [confidence:0.30574981585371575],None
tuan jie qi lai dao ming tian,上海 [confidence:0.32491162232474835],上海解放前夕 [confidence:0.7447131860402472]
sheng li chong feng,解放区 [confidence:0.6058246651206325] | 东北 [confidence:0.877286949767857],None
shang rao ji zhong ying,None,一九四一年一月 [confidence:0.7362698298791024]
hai shang feng bao,黑衫岛 [confidence:0.5545677701065514],第七天夜晚 [confidence:0.386359811617794]
cui gang hong qi,None,一九四九年 [confidence:0.44593982250867725] | 一九四四年 [confidence:0.5090450805056435]
liang jia chun,None,土地改革后 [confidence:0.6074350805837412]
hong lou er you,宁国府 [confidence:0.7294059316770429],None
wo men fu fu zhi jian,山东解放区 [confidence:0.7471647041397134],一九四七年秋 [confidence:0.93377783471702]
jie jie mei mei zhan qi lai,北京近郊 [confidence:0.5939903591934552],一九四七年秋 [confidence:0.8887692606053577]
guan lian zhang,None,None
cai feng shuang fei,浙江兰豁县 [confidence:0.4519275921328614],明末崇祯年间 [confidence:0.7689221128124153]
you yi jia ren jia,ERROR: input text too long : 282131 [confidence:0.0] | ,ERROR: input text too long : 282131 [confidence:0.0] | 
pu tao shu le de shi hou,南沙村 [confidence:0.44093965555202885],一九五一年 [confidence:0.9077156419365906]
liu hao men,东北 [confidence:0.8678114325613606],解放前夕 [confidence:0.7279004843489254]
yi guan hai ren dao,解放区 [confidence:0.9685550358867658],解放后 [confidence:0.2969374286092119]
long xu gou,北京龙须沟 [confidence:0.4566968546871948],None
nan zheng bei zhan,解放区 [confidence:0.5873472047413486] | 苏北 [confidence:0.42522209490352125] | 大沙河 [confidence:0.33161187954714677] | 山东 [confidence:0.5708041137166191] | 沂蒙山区 [confidence:0.3608611452641597] | 华东 [confidence:0.611735098849433] | 凤凰山 [confidence:0.3493134073586752] | 华东 [confidence:0.5583545358828914],一九四七年冬 [confidence:0.910439149553909]
mei guo zhi chuang,一个窗户口 [confidence:0.6567795666736913],None
fang zhen zhu,北平 [confidence:0.709014712817229] | 北平 [confidence:0.41539216668305556],None
lao dong hua kai,None,None
feng shou,陈家庄 [confidence:0.8452830453611817],None
cao yuan shang de ren men,None,None
jie hun,清水庄 [confidence:0.5160774324246766],秋后 [confidence:0.7947761301425338]
xiao gu xian,ERROR: input text too long : 282131 [confidence:0.0] | ,ERROR: input text too long : 282131 [confidence:0.0] | 
zhi qu hua shan,西北 [confidence:0.35084912848967775],一九四九年 [confidence:0.9547748019768676]
zhao xiao lan,ERROR: input text too long : 282131 [confidence:0.0] | ,ERROR: input text too long : 282131 [confidence:0.0] | 
jin yin tan,金银滩 [confidence:0.3658352219877514],None
fang hua qu,香港 [confidence:0.9651566970041472],解放初期 [confidence:0.9540924167962146]
wei hai zi men zhu fu,None,解放前 [confidence:0.8234274918741704]
tai yang zhao liang le hong shi gou,西北 [confidence:0.8237664395787903],解放前 [confidence:0.8388261484852038]
ying xiong si ji,东北 [confidence:0.8392309970054335],None
chun feng chui dao nuo min he,东北 [confidence:0.4828839548962449],None
sha jia dian liang zhan,陕甘宁边区 [confidence:0.7870793323155922],一九四七年 [confidence:0.9660139538259003]
tu di,竹林乡 [confidence:0.6846620798015941] | 竹林乡 [confidence:0.38580223191669205],一九三零年 [confidence:0.7992822071504584]
wu qiong de qian li,东北 [confidence:0.9032414644649123],None
ren wang gao chu zou,东北 [confidence:0.9001766907949538],None
yu zhou feng,None,None
shi yu zhuo,孙家庄 [confidence:0.5523882091064891],None
xiao bai tu,大森林里 [confidence:0.3535428688644515],None
yi jian ti an,三区老龙湾 [confidence:0.4346664677744059],None
ji mao xin,华北抗日民主根据地 [confidence:0.5959470341256612],抗日战争时期 [confidence:0.7978689162015513]
zhan duan mo zhua,香港 [confidence:0.655081396894218] | 香港 [confidence:0.7713562994984358],一九五零年 [confidence:0.8009722191826825]
san nian,香港 [confidence:0.3610352384903166] | 香港 [confidence:0.5400473972451927] | 香港 [confidence:0.4347381305642699],一九五二年 [confidence:0.7024660475623641]
wei da de qi dian,None,None
du jiang zhen cha ji,江南 [confidence:0.5916760664411314] | 江北 [confidence:0.6353808880981049],一九四九年 [confidence:0.8998122486272528]
huai shang ren jia,None,一九三八年 [confidence:0.9617069639899682]
shan jian ling xiang ma bang lai,南疆 [confidence:0.4298147063252955] | 云南 [confidence:0.37768669039461855],晚上 [confidence:0.30633105534958105]
yi chang feng bo,ERROR: input text too long : 282131 [confidence:0.0] | ,ERROR: input text too long : 282131 [confidence:0.0] | 
bu neng zou na tiao lu,None,None
fu nv dai biao,None,None
liang shan bo yu zhu ying tai,杭州 [confidence:0.7390518848928167],None
shuang tui mo,None,None
lan qiao hui,None,None
gai jiao tian de wu tai yi shu,None,None
chuan ju ji jin,ERROR: input text too long : 282131 [confidence:0.0] | ,ERROR: input text too long : 282131 [confidence:0.0] | 
zu guo de hua duo,None,“六一“儿童节那天 [confidence:0.8888167622643159]
meng he de li ming,猛河 [confidence:0.513890368333044],解放初期 [confidence:0.7259338099693302]
xia tian de gu shi,跑马堡村 [confidence:0.8274719611379702],None
shen mi de lv ban,边疆地区 [confidence:0.7595027491751551],None
ping yuan you ji dui,华北抗日民主根据地 [confidence:0.8530562558409756],一九四三年秋 [confidence:0.9012388110760909]
luo xiao lin de jue xin,None,None
dong cun rui,隆化 [confidence:0.5865919082357678],一九四八年五月 [confidence:0.4950616291206522]
nu hai qing qi,卧鱼山岛 [confidence:0.4613568711864673] | 龙门港 [confidence:0.3130935405276958],None
qin xiang lian,None,None
da jin zhi,None,None
mei lan fang de wu tai yi shu (shang ji),ERROR: input text too long : 282131 [confidence:0.0] | ,ERROR: input text too long : 282131 [confidence:0.0] | 
ha sen yu jia mi la,新疆 [confidence:0.9793375875013055],None
tian luo di wang,东南沿海某城市 [confidence:0.36803556387042136],一九五一年 [confidence:0.895470974732433]
shui xiang de chun tian,None,None
qing chun de yuan di,None,None
hu shang de dou zheng,苏北解放区 [confidence:0.545878236286228],一九四八年 [confidence:0.7286871049817734]
min jiang ju zi hong,白花洲 [confidence:0.5163043456045813],None
nan dao feng yun,海南岛 [confidence:0.9393947893328232],一九四三年 [confidence:0.9740438692077866]
song jing shi,山东 [confidence:0.7277491436530781] | 山东堂邑县 [confidence:0.5057853517551116],清末 [confidence:0.6875400679698274]
shang jin shan,金山 [confidence:0.5311452942794226],None
guang chang za ji biao yan,None,None
lian yin,后衙 [confidence:0.5958958554140139],几天后 [confidence:0.39446015637541976]
tian xian pei,凌虚台 [confidence:0.3138655154787102],午时三刻 [confidence:0.3436709764044359]
jiao yin,云南某边防站 [confidence:0.694027330074519],None
huang he da he chang,None,None
hu xue zhui zong,万隆山 [confidence:0.8067717541406978],解放初期 [confidence:0.48521572487970843]
pu bu mie de huo yan,抗日根据地 [confidence:0.4391642208729145],一九四二年 [confidence:0.7397457445105999]
xin ju zhang dao lai zhi qian,None,None
ma lan hua kai,None,None
ge ge he mei mei,None,一个星期天 [confidence:0.4499460378357014]
ma,None,None
guan bu zhu,东北 [confidence:0.8906395491361572] | 新乐屯 [confidence:0.4133532198687817],None
ma ma yao wo chu jia,None,None
pi bao,None,None
bu ju xiao jie de ren,None,None
ru ci duo qing,黄山 [confidence:0.26750667557003993],None
guo qing shi dian zhong,None,一九五三年国庆节前夕 [confidence:0.8829107840656434]
shang gan ling,板门店 [confidence:0.3298642411600454] | 上甘岭 [confidence:0.5380938790196907],一九五二年秋 [confidence:0.9348046466805187]
liu qiao er,ERROR: input text too long : 282131 [confidence:0.0] | ,ERROR: input text too long : 282131 [confidence:0.0] | 
hua mu lan,ERROR: input text too long : 282131 [confidence:0.0] | ,ERROR: input text too long : 282131 [confidence:0.0] | 
mei lan fang de wu tai yi shu (xia ji),江东 [confidence:0.3095508285240527],公元前二百零二年 [confidence:0.9580934847253246]
luo shen,洛川 [confidence:0.2748264795017441] | 洛川 [confidence:0.6602429259927796],None
huang shan lei,王屋山 [confidence:0.5870372865409905],明末 [confidence:0.8319710334796042]
zhu fu,鲁镇 [confidence:0.3598267680555871] | 浙东 [confidence:0.6979848342683397],None
wei le he ping,None,抗日战争时期 [confidence:0.565411535601644]
chun tian lai le,None,None
qiu weng yu xian ji,None,None
xiao bai qi de feng bo,None,None
shei shi xiong shou,白杨树 [confidence:0.36870151087138936],麦收时节 [confidence:0.9102220977684681]
mu qin,冀东 [confidence:0.38870403860781266],一九二二年 [confidence:0.9191639828295344]
luo shui ji,None,None
xiao huo ban,None,抗战胜利前夕 [confidence:0.45837438470516645]
li shi zhen,None,None
liang ge xiao zu qiu dui,None,None
tie dao you ji dui,鲁南 [confidence:0.41996076382866576],抗日战争时期 [confidence:0.5654333617537546]
jia,None,辛亥革命后 [confidence:0.7725870945133693]
sha mo li de zhan dou,新疆 [confidence:0.5917828870362314],一九五一年 [confidence:0.8985531223933663]
sou shu yuan,None,None
shi wu guan,常州府无锡县 [confidence:0.4248296021966844],None
song shi jie,ERROR: input text too long : 282131 [confidence:0.0] | ,ERROR: input text too long : 282131 [confidence:0.0] | 
an tang xiang hui,百草庵 [confidence:0.32176999842359777],None
zhou xin fang de yi shu sheng huo,扬州 [confidence:0.7428651170923217],None
an tang ren mu,法华庵 [confidence:0.5909754888971008],十六年前 [confidence:0.911202436807919]
ge ma,None,None
chong po li ming qian de hei an,李家营 [confidence:0.6708200073957187],一九四二年 [confidence:0.6341712283699117]
zhei jue bu shi xiao shi qing,ERROR: input text too long : 282131 [confidence:0.0] | ,ERROR: input text too long : 282131 [confidence:0.0] | 
you yuan jing meng (1956),狮虎山 [confidence:0.5083731591215255],None
huang hua ling,黄花岭 [confidence:0.8208588539727835] | 黄花岭 [confidence:0.6097838045350557],None
bao feng zhong de xiong ying,None,一九三六年 [confidence:0.9603493198410007]
ji jing de shan lin,东北 [confidence:0.8149125817452045] | 香港 [confidence:0.4061555874754106] | 香港 [confidence:0.5173797124772506],None
wei wan cheng de xi ju,None,None
fu shi (1957),None,复试的前一天 [confidence:0.7468327430803186]
qing chun de jiao bu,None,None
xun ai ji,去参加先进工作者会议的途中 [confidence:0.46200089140515743],None
di xia jian bing,ERROR: input text too long : 282131 [confidence:0.0] | ,ERROR: input text too long : 282131 [confidence:0.0] | 
lu sheng lian ge,澜沧江流域 [confidence:0.3859708969566782],两年前 [confidence:0.8827600165037381]
bian zhai feng huo,西南 [confidence:0.8710578443361889],None
mu nv jiao shi,None,后来 [confidence:0.29436986042254887]
mu ren zhi zi,内蒙古草原上的银河村 [confidence:0.35344108203345215],None
li er sao gai jia,ERROR: input text too long : 282131 [confidence:0.0] | ,ERROR: input text too long : 282131 [confidence:0.0] | 
hu die bei,ERROR: input text too long : 282131 [confidence:0.0] | ,ERROR: input text too long : 282131 [confidence:0.0] | 
jie nian,None,大年除夕 [confidence:0.8547678711775006]
qun ying hui,ERROR: input text too long : 282131 [confidence:0.0] | ,ERROR: input text too long : 282131 [confidence:0.0] | 
jie dong feng,ERROR: input text too long : 282131 [confidence:0.0] | ,ERROR: input text too long : 282131 [confidence:0.0] | 
du shi niang,燕京 [confidence:0.36016756749084067],None
yan dang shan,雁翎关 [confidence:0.7421550109508992],隋末 [confidence:0.3911494989739239]
yang cheng an shao,香港 [confidence:0.6173272785787631],None
dong xiao heng chui,None,None
qiu chang feng bo,None,None
hai hun,长江口 [confidence:0.84377230961843],上海解放前夕 [confidence:0.6494590746040245]
mu tong tou jun,胡大庄 [confidence:0.45304504739749163] | 杨庄 [confidence:0.33036405543218805],解放战争时期 [confidence:0.843969380963685]
ye lin qu,海南岛 [confidence:0.7598961533136475],抗日战争时期 [confidence:0.6736945148319293]
qing chang yi shen,None,None
nv lan 5 hao,None,解放前 [confidence:0.6142221566796877]
wu hai ye hang,None,一个初春的早晨 [confidence:0.6266187887069563]
xing fu,None,None
bai yue ji,None,None
chen san wu niang,潮州 [confidence:0.8301061005994654],None
luo han qian,张家庄 [confidence:0.7291090286085442],十几年后 [confidence:0.6745070793272134]
a fu xun bao ji,None,None
feng huang zhi ge,金泉山 [confidence:0.9180192096482784],None
hu shi ri ji,None,None
cheng feng po lang,None,None
bu ye cheng,None,None
zhan dou li cheng zhang,山西某村 [confidence:0.6455036846141553],一九三七年 [confidence:0.9588791612813452]
shui,沙漠地区 [confidence:0.3991051870926121],一九四七年夏末 [confidence:0.9473573676070046]
liu bao de gu shi,苏北柳堡村 [confidence:0.6382408926960537],一九四四年春天 [confidence:0.8423123817065985]
wu geng han,大别山区 [confidence:0.6717031341012785] | 大别山区 [confidence:0.7075437626552343] | 中原 [confidence:0.9433213600771211] | 中原 [confidence:0.70790459236229],一九四六年 [confidence:0.9182123816737544]
ji zhan qian ye,海马岛 [confidence:0.7587324359861114],一九五三年 [confidence:0.9707648131056068]
chuan shan ju long,龙尾机务段 [confidence:0.44694129891973944],None
da mu jiang,None,None
hua hao yue yuan,华北 [confidence:0.8405531749313369],None
min bing de er zi,山东胶东地区某山村 [confidence:0.5228331123545047],一九四七年 [confidence:0.9780173423592089]
hong hai zi,江西苏区李家坳 [confidence:0.5195965828092852],一九三四年 [confidence:0.9587593578134346]
shui ku shang de ge sheng,None,除夕之夜 [confidence:0.9512569756579055]
dang de nv er,江西兴国县桃花乡 [confidence:0.6843121549606579],第二次国内革命战争时期 [confidence:0.9415494241209714]
xu qiu ying an jian,江心岛 [confidence:0.7097687650593443],None
xuan ya,西北 [confidence:0.8828303096992585],None
gu cha zhong sheng,一座古庙中 [confidence:0.3333246977015385],五年前 [confidence:0.7912962471931948]
ta ai shang le gu xiang,None,None
gong di qing nian,None,None
nv she zhang,华北 [confidence:0.9621054496093251],一九五二年 [confidence:0.9250561967357847]
li ming de he bian,潍河东岸赵庄 [confidence:0.3498020491820242] | 河东 [confidence:0.5293399338382017],一九四七年秋 [confidence:0.9449986175698832]
dong feng,None,None
xin lian xin,None,None
huan nan zhi jiao,长白山麓 [confidence:0.6132427632174178],一日 [confidence:0.690801672320088]
san nian zao zhi dao,None,None
bing jian qian jin,None,一九五五年 [confidence:0.4260368836487203]
bai shou qi jia,ERROR: input text too long : 282131 [confidence:0.0] | ,ERROR: input text too long : 282131 [confidence:0.0] | 
hua zhong ren,None,一日 [confidence:0.32212104939249286]
lie bing deng zhi gao,None,None
xin de yi ke,None,一九五七年 [confidence:0.3052350136561195]
fu wu yuan,哈尔滨 [confidence:0.32032737466819583],None
shuai qi piao piao,岭南乡 [confidence:0.5869925884118601] | 岭南乡 [confidence:0.5396988939549523],大跃进年代 [confidence:0.35374621160872266]
chun shui chang liu,江南 [confidence:0.6438899456666292] | 黄河 [confidence:0.3585058223272597],None
shang ba de gu shi,None,None
kuai ma jia bian,None,None
hong ling jin de gu shi,红领巾炼铁厂 [confidence:0.3666785774219541],一九五八年 [confidence:0.7812977099864611]
tian xia wu nan shi,辽宁 [confidence:0.29363227803118974],一九五五年 [confidence:0.35227225281560237]
chun lei (1958),None,None
bao shan zhi ge,None,一九五八年八月 [confidence:0.3219125552663371]
huo yan ju,ERROR: input text too long : 282131 [confidence:0.0] | ,ERROR: input text too long : 282131 [confidence:0.0] | 
feng zheng,中国 [confidence:0.5165510247992415],None
shang hai gu niang,西北 [confidence:0.8832028386664703],None
sheng huo de lang hua,华北 [confidence:0.958042905195498],None
tan qin ji,None,None
shi san ling shui ku chang xiang qu,None,None
shan li de ren,None,None
yi tian yi ye,王家庄乡 [confidence:0.42871080536848183],一九五八年的某一天 [confidence:0.4398836236129924]
liu hu xin song,柳湖 [confidence:0.6166971042080576],None
ping fan de shi ye,None,None
ye zou luo tuo ling,骆驼岭 [confidence:0.6309129399818119],None
hong se de zhong zi,小王庄 [confidence:0.4311875788878865],解放战争时期 [confidence:0.5574971839509786]
shen shan li de ju hua,None,一九四二年秋天 [confidence:0.6461143327471248]
xiao kang ren jia,None,None
zhan dou de shan cun,沂河 [confidence:0.3135829172976514] | 沂蒙山区 [confidence:0.5906297224186652],None
cui gu zhong sheng,None,None
cong ming de ren,None,None
shei shi bei pao qi de ren,None,旧历除夕的晚上 [confidence:0.6871796827746834]
di san ci shi yan,None,None
gang ren tie ma,None,None
ju lang,None,七月四日和六月十九日 [confidence:0.6039784408737674]
you chuan huo yan,None,None
dian xing bao gao,雪峰乡 [confidence:0.36838363993438605] | 龙潭泉 [confidence:0.3676094597073103],None
chang qing shu,None,None
wang jiang ting,望江亭 [confidence:0.5503928587679638],翌日 [confidence:0.6966430721894064]
xia xiang yu gan jiao,赵家湾 [confidence:0.2901004239122109],None
lan lan he dong dong,None,None
san mao xue sheng yi,None,解放前 [confidence:0.6605339631718934]
tie chuang lie huo,None,解放前夕 [confidence:0.8181679801513297]
da yue jin zhong de xiao zhu ren,None,None
qian fang lai xin,朝鲜战场 [confidence:0.7788197493130724],None
bu gu niao you jiao le,None,None
qian nv nao hai,None,None
da feng lang li de xiao gu shi,None,一九五七年 [confidence:0.6385169962791224]
huang bao mei,ERROR: input text too long : 282131 [confidence:0.0] | ,ERROR: input text too long : 282131 [confidence:0.0] | 
20 tian ge ge ming,None,大跃进年代 [confidence:0.5233566511040841]
ying xiong gan pai ke,上海市 [confidence:0.36852044022957386],二年到四年 [confidence:0.8715221394610921]
zhong yao de yi ke,None,None
liang ge ying ye yuan,None,None
gang hua bian di kai,None,一九五八年 [confidence:0.5363483044448003]
ni zhui wo gan,None,一九五八年 [confidence:0.9251642696232807]
hai shang hong qi,None,None
xin an jiang shang,ERROR: input text too long : 282131 [confidence:0.0] | ,ERROR: input text too long : 282131 [confidence:0.0] | 
zhen zhu ji,后花园 [confidence:0.30605434559269895],中秋节之夜 [confidence:0.4345263590214543]
liu jie mei,None,None
lin chong,None,一天 [confidence:0.5371264200421599]
liang ge xun luo bing,None,一天晚上 [confidence:0.5785370478884992]
miao jia er nv,None,None
wu ming ying xiong,长江 [confidence:0.3396272809341738],None
lu ban de chuan shuo,四川 [confidence:0.8648410928078505] | 江南 [confidence:0.8120184037320541],春秋战国时代 [confidence:0.7856754711291956]
san ba he bian,安徽宿县 [confidence:0.3796373939628097],None
ai chang ru jia,None,None
di yi lie kuai che,None,None
xiao fang zhi ge,某工厂仓库 [confidence:0.9920879706672636],一个冬天的夜晚 [confidence:0.9624126128815185]
wo long hu,卧龙湖畔 [confidence:0.4128893289076885],一九五六年春天 [confidence:0.8047958800852442]
tie shu hua kai,None,None
gang cheng hu jiang,None,None
re lang ben teng,None,十二天 [confidence:0.48333320520538336]
mu gui ying gua shuai (1958),汴梁 [confidence:0.5385768242431439] | 辽东 [confidence:0.28069090046928125],None
qing tan,山东莱阳 [confidence:0.45650272865373864],一天 [confidence:0.4933869238602213]
san ge zhan you,广东省潮安县 [confidence:0.4103362504314134],None
hei shan zu ji zhan,黑山 [confidence:0.424150414474461] | 东北 [confidence:0.5390164945839899],一九四八年 [confidence:0.9726828669288281]
chang kong bi yi,None,五年前 [confidence:0.9790974607122678]
hong xia,江西苏区 [confidence:0.5714856737448493],抗日战争时期 [confidence:0.6729032809910365]
ying xiong hu dan,ERROR: input text too long : 282131 [confidence:0.0] | ,ERROR: input text too long : 282131 [confidence:0.0] | 
du jiang tan xian,None,晚上 [confidence:0.47374467717588686]
yi ri qian li,ERROR: input text too long : 282131 [confidence:0.0] | ,ERROR: input text too long : 282131 [confidence:0.0] | 
yong bu xiao shi de dian bo,None,一九三九年 [confidence:0.626424260595094]
po chu mi xin,None,None
fan lao huan tong,None,None
jin ling zhuan,None,None
hai kuo tian kong,None,None
lang ya shan wu zhuang shi,狼牙山 [confidence:0.5904374326257056],抗日战争时期 [confidence:0.8758332764905106]
xian wei shu ji,None,None
yang guan da dao,None,None
jie ban ren,None,None
chuan chang zhui zong,大连市 [confidence:0.27593686911762916],十五年前 [confidence:0.9918774223599733]
gang zhu fei che,河南 [confidence:0.4571120119025913],第二天 [confidence:0.839120356051275]
kang zhuang da dao,None,一九五八年 [confidence:0.28436858263891907]
wo men cun li de nian qing ren (shang ji),None,两个月 [confidence:0.3605457037421864]
xi cheng de gu shi,None,None
xiao zhu yan kai,None,None
shi hang,西欧 [confidence:0.3898218485765277],国庆前夕 [confidence:0.5974442278044556]
bing shang jie mei,ERROR: input text too long : 282131 [confidence:0.0] | ,ERROR: input text too long : 282131 [confidence:0.0] | 
jie qin pei,None,五日后 [confidence:0.2882029656496883]
wu duo jin hua,云南大理 [confidence:0.39943773767650015],None
feng cong dong fang lai,None,十月革命时期 [confidence:0.477531567077051]
cao yuan chen qu,白云鄂博 [confidence:0.31452096657028505],None
huang he fei du,白云乡 [confidence:0.2824497349837074],None
zhao xia,None,None
yun wu shan zhong,云雾山区 [confidence:0.3346403122545638] | 大西南 [confidence:0.5000096575169053] | 云雾山区吴家寨 [confidence:0.36153257925714044],None
qing yun qu,None,None
san kan hu die meng,None,None
hai shang shen ying,东南沿海 [confidence:0.5197270997502592],一九五四年 [confidence:0.9737072899113244]
dou e yuan,山阳 [confidence:0.7877690700903806],次日 [confidence:0.27528883267729043]
jin yu ji,长白山区 [confidence:0.8663077673254485],抗日战争时期 [confidence:0.6451879404440319]
huan le ren jian,东北 [confidence:0.9007147647111964],None
zhan huo zhong de qing chun,None,一九四七年 [confidence:0.9606180636000872]
liu shui huan ge,东北 [confidence:0.9153588845312939],None
qian shao,东南沿海地区 [confidence:0.7565093590133749],None
chen san liang,五定州 [confidence:0.7614278968019335] | 五定州 [confidence:0.4888674487943945],None
shuai jing jia,None,None
lin jia pu zi,中国 [confidence:0.4719817747023498],一九三一年 [confidence:0.9627432136848775]
wu ming dao,None,一九五八年秋 [confidence:0.9271164576830309]
kuang deng,华北 [confidence:0.9058859968019419],抗日战争时期 [confidence:0.7537411439799087]
fei yue tian xian,北京-拉萨 [confidence:0.4854088515014894],解放初期 [confidence:0.7553751325260407]
feng bao,汉口 [confidence:0.7644820988065604],二月七日 [confidence:0.3626203989407699] | 一九二三年二月四日 [confidence:0.5239938885742959]
qing chun zhi ge,华北 [confidence:0.8375009138678244] | 北戴河 [confidence:0.6709972355662508],一九三一年“九·一八“事变前夕 [confidence:0.4877506533494369]
huan tian xi di (1959),天安门 [confidence:0.3517219431596068],国庆之夜 [confidence:0.5466253602305429]
shui shang chun qiu,平津 [confidence:0.6770813660167079],抗日战争胜利后 [confidence:0.5098856281539526]
liang shi,华北抗日根据地 [confidence:0.9414466486558908],一九四三年 [confidence:0.473000056725553]
bai feng chao yang,None,None
san ge mu qin,汉口 [confidence:0.9168089864114108],解放前 [confidence:0.46146997774648923]
lv zhou kai ge,新疆 [confidence:0.6425360818283536],None
hao hai zi,江南 [confidence:0.837738486306776],None
nie er,北平 [confidence:0.5193992038285558],一九三五年春 [confidence:0.6421871699217121]
huang pu jiang de gu shi,None,None
jin tian wo xiu xi,None,休息日 [confidence:0.45018135725354114]
wan zi qian hong zong shi chun,吉祥里里弄 [confidence:0.5114653338845301],一九五八年 [confidence:0.3600314775830924]
xiang hai yang,None,一九四九年秋 [confidence:0.7835292659250932]
qiao lao ye shang jiao,None,None
lin ze xu,ERROR: input text too long : 282131 [confidence:0.0] | ,ERROR: input text too long : 282131 [confidence:0.0] | 
lao bing xin zhuan,东北 [confidence:0.8186915399118142],None
nv fu ma,ERROR: input text too long : 282131 [confidence:0.0] | ,ERROR: input text too long : 282131 [confidence:0.0] | 
bai sui gua shuai,ERROR: input text too long : 282131 [confidence:0.0] | ,ERROR: input text too long : 282131 [confidence:0.0] | 
sheng si pai,None,None
gang tie shi jia,上海 [confidence:0.5158651595974391],解放后不久 [confidence:0.42789113901256215]
chun man ren jian,None,None
sha mo zhui fei ji,西北 [confidence:0.8826790450758395],一九五一年 [confidence:0.9729680901756836]
di xia shao xian dui,None,None
xiang piao wan li,西南 [confidence:0.7704065843123864] | 西南 [confidence:0.8153815209431059],一九五八年 [confidence:0.5466186192380746]
di xia hang xian,None,一九四七年 [confidence:0.9248726559458191]
chun feng yang liu,None,一九五六年初春 [confidence:0.8180410248514782]
bao lian deng,ERROR: input text too long : 282131 [confidence:0.0] | ,ERROR: input text too long : 282131 [confidence:0.0] | 
zhui yu,南海 [confidence:0.6934171194265133],None
xing xing zhi huo,None,一九二五年 [confidence:0.9204006550211119]
jie ri ge wu,None,None
bu lao song,None,None
an hui xi qu ji jin,黄府 [confidence:0.36110145910116387],None
hui min zhi dui,冀中 [confidence:0.8620538053338116],一九三八年 [confidence:0.941466014244078]
jiang shan duo jiao,花果山 [confidence:0.40308844342744266],None
hai ying,None,两天后 [confidence:0.9892139291422346]
wan shui qian shan,沪定桥 [confidence:0.3882274642418899],一九三五年 [confidence:0.9596764274403426]
lie huo zhen jin,None,None
wu duo hong yun,None,None
ying xiong dao,荷花岛 [confidence:0.5807535945710924] | 港 [confidence:0.3335193095234068],九年前 [confidence:0.8558048905894111]
chi feng hao,浙江沿海几个岛屿上的蒋军，经常派出军舰破坏我航运，抢劫我渔船。我海军赤峰号舰长铁海雄接受引诱敌舰的任务。战斗中敌情起了变化，敌方五艘军舰以绝对优势，把赤峰号置于相当危险的境地，赤峰号在击伤一艘敌舰后驶往埋伏区。敌人发觉势头不对，停止追击。铁海雄指挥战士在后甲板点起两堆火，伪装负伤，把敌舰诱进我埋伏区内，将敌主力舰太联号击沉。之后，我强大的陆、海军乘胜解放大山岛 [confidence:0.36731417224672924],一九五四年 [confidence:0.9223255878829661]
you yi,None,None
zhan shang hai,苏州河 [confidence:0.5103845967420462],一九四九年春 [confidence:0.8698148691555083]
mu gui ying gua shuai (1959),汴梁 [confidence:0.5070517942050685] | 辽东 [confidence:0.3965562326759553],None
yu dao zhi zi,南海 [confidence:0.8025619896696483],第二天 [confidence:0.3718161633195365]
xue hai yin shan,None,None
tian shan ge sheng,天山地区 [confidence:0.40452435841937984] | 新疆 [confidence:0.6289688706527059],None
xian hua duo duo kai,陕南 [confidence:0.40466561960893443] | 西安地区 [confidence:0.7601806259226578] | 陕北 [confidence:0.27560463278933867] | 陕南 [confidence:0.3415460387062126] | 二郎山 [confidence:0.30628372873906073],一九五九年 [confidence:0.6236489695413425]
ren xiao zhi da,英江 [confidence:0.6008407612322699],一九五八年 [confidence:0.4516440131171642]
gan xiang gan zuo de ren,None,None
er du mei,昭君庙 [confidence:0.44406473694425586],None
huan hun ji,南安 [confidence:0.6755317286789335],南宋年间 [confidence:0.7061312564653832]
hong yan,长白山区乡 [confidence:0.27810144838369766] | 东北 [confidence:0.5382994777419725] | 长白山 [confidence:0.43461513332498924],一九五九年除夕 [confidence:0.5940439752647109]
tai yang gang gang chu shan,柳庄 [confidence:0.29912426426017547],None
tuan yuan zhi hou,ERROR: input text too long : 282131 [confidence:0.0] | ,ERROR: input text too long : 282131 [confidence:0.0] | 
kun lun tie ji,藏北 [confidence:0.3339904182616884],一九五零年 [confidence:0.9339309851790709]
zai sheng ji,ERROR: input text too long : 282131 [confidence:0.0] | ,ERROR: input text too long : 282131 [confidence:0.0] | 
tie dao wei shi,东北 [confidence:0.691053532933779],抗美援朝时期 [confidence:0.8218176973399736]
feng huo lie che,None,抗美援朝初期 [confidence:0.5115581873928932]
shen yang shou,辽河 [confidence:0.3909005357570763],六十年代第一个春天 [confidence:0.9433533269785244]
shi ji lang,None,None
pan yang song,黑松林 [confidence:0.4062012415129317],北宋年间 [confidence:0.9021027169185203]
liu san jie,广西僮族地区 [confidence:0.7639300283365671],None
qiang di song,西南羌族地区 [confidence:0.4824934956061533],一九三五年 [confidence:0.963824627348437]
dong feng di yi zhi,None,None
kong yin he,None,None
wo men shi yi dai ren,None,None
you yuan jing meng (1960),None,None
wei le liu shi yi ge jie ji di xiong,山西省平陆县 [confidence:0.954506341610351],某日 [confidence:0.8153998460296918]
yang men nv jiang,None,None
wu cai lu,西藏 [confidence:0.46544384751406653],None
yi ge ming de ming yi,莫斯科 [confidence:0.26516932962579176],一九一八年 [confidence:0.7744817498022805]
hong hua bian di kai,北京 [confidence:0.7799719262515268],一九六零年五月 [confidence:0.4890009296450444]
chun nuan hua kai,人民大会堂 [confidence:0.7346730255544074],None
geng yun bo yu,丹江 [confidence:0.3598418982666942],麦收后 [confidence:0.34383628304355796]
hong qi pu,冀中滹沱河畔锁井镇 [confidence:0.48057214024252204],二十世纪初 [confidence:0.3924626113956009]
ge ming jia ting,苏区 [confidence:0.7569053923516229],抗战开始后 [confidence:0.37994657273640087]
liu shi nian dai di yi chun,None,一九六零年春天 [confidence:0.8778875059392419]
chuang guan,None,None
ji liu,ERROR: input text too long : 282131 [confidence:0.0] | ,ERROR: input text too long : 282131 [confidence:0.0] | 
mian dian wen hua dai biao tuan fang hua yan chu,None,None
mo ya dai,ERROR: input text too long : 282131 [confidence:0.0] | ,ERROR: input text too long : 282131 [confidence:0.0] | 
ma lan hua,马兰山 [confidence:0.6671182436574163],None
guan han qing,杭州 [confidence:0.7091997840687441],None
qin niang mei,None,一百多年前 [confidence:0.9624819545936774]
nv shen,解元山 [confidence:0.2830968066218702],None
ta men de xin yuan,None,None
feng liu ren wu shu jin zhao,None,None
xiang yang hua kai,None,None
dou shi ting,None,一九五八年 [confidence:0.8760438641290165]
sun wu kong san da bai gu jing,宛子山波月洞 [confidence:0.35526385636973146],None
hong ying zhan chi,东北 [confidence:0.9646116333590449],解放战争初期 [confidence:0.6559484368068524]
shi er ci lie che,None,途中 [confidence:0.3831768275059275]
san ba xian shang,None,一九五三年 [confidence:0.8316093572202732]
ke shan hong ri,西藏 [confidence:0.48890464225204155],一九五零年 [confidence:0.9326006432452019]
lin hai xue yuan,威虎山 [confidence:0.36067103220410957],一九四六年冬 [confidence:0.8214401890258216]
hong ying,None,一九三五年秋 [confidence:0.9015836989305406]
meng long sha,云南傣族地区勐垅沙 [confidence:0.6705894931960614],解放初 [confidence:0.39779510776436666]
qi xi,凤仙岭 [confidence:0.6450401041287037],None
ying xiong shi pian,广东英德县马口地区某造纸厂 [confidence:0.8351077484126108],一天 [confidence:0.9483778518705321]
xin dui yuan,None,None
hui yan dan xin,None,一九五零年 [confidence:0.6433578725621203]
bi kong yin hua,草原 [confidence:0.3903704291312238],None
yong heng de you yi,新疆 [confidence:0.5127804093653339] | 中国西北 [confidence:0.8918565715768523] | 东北 [confidence:0.9136069749123585] | 中国 [confidence:0.5923337921474001],抗日战争胜利前夕 [confidence:0.4427983976828571]
kang han qu,关中平原 [confidence:0.5316283921517417],一九六零年初 [confidence:0.34074800878399003]
cao yuan feng bao,西藏 [confidence:0.5710215935619942],一九五八年 [confidence:0.7947413764493874]
san di xue,None,None
yi wen qian,None,None
jia ling jiang bian,嘉陵江 [confidence:0.4680228075261681],None
liang dai ren,新疆 [confidence:0.33058939961028955] | 新疆 [confidence:0.5140457293584859],十八年后 [confidence:0.3742617716812049]
qin ren,None,None
ge ming feng bao zhan sheng long juan feng,None,一九六零年春天 [confidence:0.9610548475885423]
fu zi lia,湘鄂赣根据地 [confidence:0.7959566893168244],抗日战争时期 [confidence:0.8253092751467648]
ta men zai zhan dou,红柳湾 [confidence:0.6560469667037232],麦收时节 [confidence:0.5604531967479147]
bei lei chu kai,河北 [confidence:0.35616936987295844],None
ma xi tuan de xin jie mu,None,None
wan mu chun,东北 [confidence:0.8790611930602665],解放初期 [confidence:0.7796725791322636]
jian shui dong liu,None,None
dong mei,None,一九三四年秋 [confidence:0.8049542032017243]
shu jia de li wu,None,None
hong hu chi wei dui,湘鄂西洪湖根据地 [confidence:0.3563536580763582],一九三零年夏 [confidence:0.9536756021404358]
bao feng zhou yu,东北 [confidence:0.5111595829621329],一九四六年 [confidence:0.9721963027794658]
chun lei (1961),莲湖乡 [confidence:0.3926534297185569] | 莲湖乡 [confidence:0.34258139651621633],第一次国内革命战争时期 [confidence:0.6327691815457683]
bei da huang ren,北大荒雁窝岛 [confidence:0.7259096549894366],十八年前 [confidence:0.933614825819653]
51 hao bing zhan,苏中根据地 [confidence:0.5435937272180524] | 吴淞口 [confidence:0.47461958225189704],抗日战争时期 [confidence:0.7327345203462841]
ku mu feng chun,None,None
man luo hua,ERROR: input text too long : 282131 [confidence:0.0] | ,ERROR: input text too long : 282131 [confidence:0.0] | 
chun cui tao li,None,一九五八年 [confidence:0.41068438311174305]
hong se niang zi jun,海南岛椰林寨 [confidence:0.619424816834421],第二次国内革命战争时期 [confidence:0.7738879306859445]
ying xiong xiao ba lu,金门岛 [confidence:0.5947023272666527] | 金门 [confidence:0.5051988665416118],None
xiao dao hui,上海城 [confidence:0.4053201030578535],鸦片战争后 [confidence:0.5391845998598228]
tu po wu jiang,贵州 [confidence:0.7228404732817353],一九三四年底 [confidence:0.9246586218200221]
bi kong xiong shi,None,None
hong shan hu,珊瑚岛 [confidence:0.49548129095661864] | 牛头岙 [confidence:0.6079875266753945],一九五零年 [confidence:0.9451803010210185]
li jing ji,潮州城 [confidence:0.6427658113646864] | 潮州 [confidence:0.3001507656270874],第二年春天 [confidence:0.5185881503142298]
ba shan hong lang,岭南 [confidence:0.36005405132721435] | 岭南 [confidence:0.3174326958160236] | 岭北 [confidence:0.302909825405262],一九五八年 [confidence:0.40777066738936796]
yan an you ji dui,陕甘宁解放区 [confidence:0.7488659143512066],一九四七年 [confidence:0.949490922857052]
da ji he ta de fu qin,凉山 [confidence:0.6071472054076494] | 凉山 [confidence:0.4788982040136318],None
yuan fang xing huo,南疆 [confidence:0.6374739821060089] | 新疆 [confidence:0.5796196728515568],一九四一年 [confidence:0.57521431759195]
feng xue da bie shan,大别山革命根据地 [confidence:0.5344786178340115],None
kou zhun bei xue,None,北宋时期 [confidence:0.47274387388839756]
qi tian qi ye,九二高地 [confidence:0.47969960558404523] | 松树岭 [confidence:0.7849090304803354] | 九二高地 [confidence:0.5729996776744457] | 松树岭 [confidence:0.7597826056526173],一九四七年三月 [confidence:0.91021673359311]
san guan pai yan,三关 [confidence:0.4589956889463451],None
liu yi chuan shu,洞庭湖 [confidence:0.28503816411109995] | 泾河 [confidence:0.41138100247467335],None
jia wu feng yun,中国 [confidence:0.692767878439323],一八九四年 [confidence:0.9721043298438055]
lu huo zheng hong,None,大跃进时期 [confidence:0.3201143888214695]
hua er duo duo,郊区 [confidence:0.3291054192665648],None
kun lun shan shang yi ke cao,青 [confidence:0.42851237017638155] | 藏 [confidence:0.4765578214486652] | 青 [confidence:0.4505616907543981] | 藏 [confidence:0.507748720912673],None
yang nai wu yu xiao bai cai,杭州府 [confidence:0.6424372874907789] | 余杭县 [confidence:0.4316631620604241],清代同治末年 [confidence:0.8326647875823312]
ye zhu lin,山神庙 [confidence:0.34732222846979965],宋徽宗年间 [confidence:0.9310326251415475]
ting zhan yi hou,ERROR: input text too long : 282131 [confidence:0.0] | ,ERROR: input text too long : 282131 [confidence:0.0] | 
a na er han,疆 [confidence:0.42786302826958433],一九四九年 [confidence:0.9275381016355837]
jin shang tian hua,None,None
sun an dong ben,午门 [confidence:0.284404306739539],明朝万历初年 [confidence:0.8241441722338472]
li shuang shuang,None,秋收时节 [confidence:0.33787744377427487]
hong lou meng,ERROR: input text too long : 282131 [confidence:0.0] | ,ERROR: input text too long : 282131 [confidence:0.0] | 
bi yu zan,None,None
mo shu shi de qi yu,None,廿五年前 [confidence:0.9682910839266015]
nv li fa shi,None,一天 [confidence:0.7420528522510779]
liao yuan,赣西 [confidence:0.9244478923643129],一九二三年 [confidence:0.8916209372174322]
da li 、 xiao li he lao li,库里 [confidence:0.3028347854923972],None
dong jin xu qu,苏北桥头镇 [confidence:0.7470851540767853],一九四零年 [confidence:0.9692943326619279]
ge lia hao,None,None
huai shu zhuang,槐树庄 [confidence:0.5588490694111314],一九五八年 [confidence:0.3365886555103117] | 一九五七年 [confidence:0.4225936787759679]
di lei zhan,胶东抗日根据地 [confidence:0.7759392993662004],抗日战争时期 [confidence:0.6311306212127832]
e er duo si feng bao,None,一九一六年 [confidence:0.9365644371507358]
bi hai dan xin,海南岛 [confidence:0.6663283649638743] | 上海南岛 [confidence:0.591926062130284] | 琼州海峡 [confidence:0.625351703780666] | 海南岛 [confidence:0.7604137705840586],一九四九年 [confidence:0.3644216262466138]
ying xiong tan ke shou,None,一九五二年 [confidence:0.6283027075893806]
han jiang hua si jin,ERROR: input text too long : 282131 [confidence:0.0] | ,ERROR: input text too long : 282131 [confidence:0.0] | 
nan hai chao,游击区 [confidence:0.4780669744993524],None
qi wang qiu jiang,无盐郡 [confidence:0.9476423168434067],七年后 [confidence:0.42052648082105293]
hong ye ti shi,琼州 [confidence:0.9428247353213166],南宋末年 [confidence:0.7456114466442187]
sheng ming de huo hua,新疆 [confidence:0.6273690459131913],None
shang xiao yun wu tai yi shu,巴山 [confidence:0.3257634494038939],明朝成化年间 [confidence:0.6379831018514714]
qiao tai shou luan dian yuan yang pu,None,宋朝时期 [confidence:0.6694105896956088]
bing shan shang de lai ke,新疆 [confidence:0.7260774444448757],一九五一年 [confidence:0.8897736283880597]
hua wei mei,张家花园 [confidence:0.2914747644945237],None
zi you hou lai ren,东北 [confidence:0.9467127932477482],一九三九年 [confidence:0.9566021518532821]
chao yang gou,朝阳沟 [confidence:0.8367634016789793] | 朝阳沟 [confidence:0.27011242855863316] | 朝阳沟 [confidence:0.3053625549227945],None
wo men cun li de nian qing ren (xu ji),ERROR: input text too long : 282131 [confidence:0.0] | ,ERROR: input text too long : 282131 [confidence:0.0] | 
man yi bu man yi,None,None
liang jia ren,None,None
qiang tou ma shang,None,None
bing xue jin da lai,东北 [confidence:0.8898901606579273],抗日战争时期 [confidence:0.7014127944263109]
fen shui chang liu,None,一九五四年 [confidence:0.9815348572823837]
hong he ji lang,陕甘高原陇东地区 [confidence:0.5113778953786579],第二次国内革命战争时期 [confidence:0.7821290995380217]
zao chun er yue,芙蓉镇 [confidence:0.8058502461663828],一九二六年前后 [confidence:0.8330042511060753]
xiao bing zhang ga,冀中白洋淀 [confidence:0.6645482900192405],抗日战争时期 [confidence:0.6702807519382077]
chun yan zhan chi,None,None
mu gui ying da zhan hong zhou,ERROR: input text too long : 282131 [confidence:0.0] | ,ERROR: input text too long : 282131 [confidence:0.0] | 
xiong mei tan bao,None,None
fei dao hua,汉口 [confidence:0.571165952135388] | 四川 [confidence:0.39061950978014437] | 汉口 [confidence:0.8878265634254134],抗日战争胜利后 [confidence:0.5457092771935059]
you san jie,宁国府 [confidence:0.3625442191918751],None
ru ci die niang,None,星期天 [confidence:0.349924933222983]
bei guo jiang nan,塞北黄土屯 [confidence:0.5527959751082676],None
shui shou zhang de gu shi,None,None
niu lang zhi nv,ERROR: input text too long : 282131 [confidence:0.0] | ,ERROR: input text too long : 282131 [confidence:0.0] | 
hong ri,涟水城 [confidence:0.41786854510972304] | 沂蒙山区 [confidence:0.476120850984767] | 山东 [confidence:0.5226314184082526] | 华东 [confidence:0.5227042416416339] | 解放区 [confidence:0.45393179012696194] | 苏北 [confidence:0.4923389659705215] | 华东 [confidence:0.7843465855569569] | 山东 [confidence:0.7085896296785066],一九四六年冬 [confidence:0.8092012732739917]
jin sha jiang pan,ERROR: input text too long : 282131 [confidence:0.0] | ,ERROR: input text too long : 282131 [confidence:0.0] | 
bao hu lu de mi mi,None,一天 [confidence:0.5411138582935777]
can hua gu niang,江南蚕乡 [confidence:0.5238118956455082],None
wu song,ERROR: input text too long : 282131 [confidence:0.0] | ,ERROR: input text too long : 282131 [confidence:0.0] | 
shuang zhu feng,None,None
huai yin ji,天宫 [confidence:0.3416339507379824] | 凌虚台 [confidence:0.33489280833279267],午时三刻 [confidence:0.2683848826249857]
qiu mi,ERROR: input text too long : 282131 [confidence:0.0] | ,ERROR: input text too long : 282131 [confidence:0.0] | 
ye huo chun feng dou gu cheng,ERROR: input text too long : 282131 [confidence:0.0] | ,ERROR: input text too long : 282131 [confidence:0.0] | 
nong nu,ERROR: input text too long : 282131 [confidence:0.0] | ,ERROR: input text too long : 282131 [confidence:0.0] | 
nu chao,井冈山 [confidence:0.3833829842610612],一九二七年 [confidence:0.7560397824834482]
zhua zhuang ding,四川 [confidence:0.5922052475417559],抗战初期 [confidence:0.9571786291174362]
ge ming li shi ge qu biao yan chang,南泥湾 [confidence:0.5494655042897065] | 延安 [confidence:0.6117057996214044] | 南泥湾 [confidence:0.8166347434317345] | 太行山 [confidence:0.4211973599984198] | 中国 [confidence:0.7718509213834182] | 娄山关 [confidence:0.44088051398029293] | 井冈山 [confidence:0.43152530898832] | 松花江 [confidence:0.3340661574844006],None
duo yin,ERROR: input text too long : 282131 [confidence:0.0] | ,ERROR: input text too long : 282131 [confidence:0.0] | 
gen zong zhui ji,广州 [confidence:0.9578851429866049],一九六一年国庆前夕 [confidence:0.8770187305256165]
qi shi er jia fang ke,广州市 [confidence:0.3341164681497233],None
mao zi pei chuang gong,ERROR: input text too long : 282131 [confidence:0.0] | ,ERROR: input text too long : 282131 [confidence:0.0] | 
tao hua shan,ERROR: input text too long : 282131 [confidence:0.0] | ,ERROR: input text too long : 282131 [confidence:0.0] | 
zha mei an,丞相府 [confidence:0.5676987923435206],None
du li da dui,None,一九四六年 [confidence:0.9672918963010702]
bing lin cheng xia,东北 [confidence:0.9413582140236372],解放战争时期 [confidence:0.7915123067977703]
ying xiong er nv,朝鲜 [confidence:0.43657322806080856],None
hong guan jia,None,None
hao xi fu,None,None
nan hai de zao chen,香港 [confidence:0.33452539054772146],一九六二年 [confidence:0.8828703855817679]
nv tiao shui dui yuan,湖里 [confidence:0.3869857429334047],None
cai die fen fei,None,None
xiao ling dang,None,None
qing nian lu ban,None,None
xiao er hei jie hun,ERROR: input text too long : 282131 [confidence:0.0] | ,ERROR: input text too long : 282131 [confidence:0.0] | 
qian wan bu yao wang ji,None,None
cao yuan xiong ying,None,None
jian gan he bian,北京郊区佟各庄 [confidence:0.699238957297247],十三年前 [confidence:0.8817546398307741]
qing shan lian,None,一九五九年春 [confidence:0.8121927285073909]
a shi ma,阿着底 [confidence:0.6929495120208209],None
feng shou zhi hou,胶东山区 [confidence:0.40885802281255224],一九六二年 [confidence:0.35783435590827395]
li shan zi,ERROR: input text too long : 282131 [confidence:0.0] | ,ERROR: input text too long : 282131 [confidence:0.0] | 
bai qiu en dai fu,晋察冀根据地 [confidence:0.4994991827582034],有一次 [confidence:0.5052920497049875] | 一九三八年 [confidence:0.3207071245690827]
jia ting wen ti,ERROR: input text too long : 282131 [confidence:0.0] | ,ERROR: input text too long : 282131 [confidence:0.0] | 
ni hong deng xia de shao bing,南京路 [confidence:0.7459414639157416],None
xue bei,ERROR: input text too long : 282131 [confidence:0.0] | ,ERROR: input text too long : 282131 [confidence:0.0] | 
an bian ji lang,None,一九五二年 [confidence:0.40674568398690525]
dai bing de ren,ERROR: input text too long : 282131 [confidence:0.0] | ,ERROR: input text too long : 282131 [confidence:0.0] | 
lei feng,中国 [confidence:0.8425130139742834],None
fen shui ling,分水岭 [confidence:0.8994003405260251],最后 [confidence:0.42419389195038093]
xu ri dong sheng,西藏 [confidence:0.29446838549409193],None
dong feng wan li,None,None
ni feng qian li,ERROR: input text too long : 282131 [confidence:0.0] | ,ERROR: input text too long : 282131 [confidence:0.0] | 
liu ming zhu,潮州 [confidence:0.6390299247962652],None
tian shan de hong hua,ERROR: input text too long : 282131 [confidence:0.0] | ,ERROR: input text too long : 282131 [confidence:0.0] | 
shan cun kuai ji,None,None
san jin shan cheng,ERROR: input text too long : 282131 [confidence:0.0] | ,ERROR: input text too long : 282131 [confidence:0.0] | 
jing po gu niang,独龙寨 [confidence:0.3726382505677428],None
“te kuai” lie che,None,None
qing song ling,青松岭 [confidence:0.5328285377575739],None
lu kao,抗美援朝战场 [confidence:0.5159454700044961],不久 [confidence:0.27307204243417615]
chuan qiang ji,None,None
bai shan xin ge,None,None
yi ke hong xin,None,一天 [confidence:0.5481224560373477]
jin yao chi,None,None
duo duo hong hua xiang tai yang,北京 [confidence:0.7872504666018543],None
jie zhen guo,ERROR: input text too long : 282131 [confidence:0.0] | ,ERROR: input text too long : 282131 [confidence:0.0] | 
lie huo zhong yong sheng,华蓥山区 [confidence:0.6561258012787157],一九四九年初 [confidence:0.3073693324713531]
mei dian xin gong ren,三十八号大院 [confidence:0.33745163537962597],None
shan cun jie mei,海棠峪村 [confidence:0.33262931295487874],一九六三年 [confidence:0.623222380850244]
hong se bei lou,华北 [confidence:0.9063670112331366],None
long ma jing shen,河南 [confidence:0.48654699057871653],None
hua bei qu ye yu hua ju wu tai yi shu pian (shang ji),None,None
hua bei qu ye yu hua ju wu tai yi shu pian (xia ji),None,None
mai niu 、ba gua yuan,None,None
san duo xiao hong hua,少年宫 [confidence:0.538664770061672],“六一“儿童节清晨 [confidence:0.9133643930356783]
lang tao gun gun,ERROR: input text too long : 282131 [confidence:0.0] | ,ERROR: input text too long : 282131 [confidence:0.0] | 
xiao zu qiu dui,None,None
huang sha lv lang,None,None
hong hua qu,None,None
nong jia bao 、liang long di,ERROR: input text too long : 282131 [confidence:0.0] | ,ERROR: input text too long : 282131 [confidence:0.0] | 
zhe shi wo ying gai zuo de,None,None
gu sao lian wu,None,None
nian qing de yi dai,新疆 [confidence:0.7287832261943379],None
gui tai,ERROR: input text too long : 282131 [confidence:0.0] | ,ERROR: input text too long : 282131 [confidence:0.0] | 
wu tai jie mei,ERROR: input text too long : 282131 [confidence:0.0] | ,ERROR: input text too long : 282131 [confidence:0.0] | 
xi qu ji jin,赣南 [confidence:0.34510012700164694] | 高安 [confidence:0.36981401508428746],None
shang hai zhi chun,None,None
fu jian gong yi xin hua,None,None
shang hai shi shao nian er tong ge ming ge wu xuan ji,None,一九六五年暑假期间 [confidence:0.5006048748348633]
da ji qin lve zhe,鹰峰 [confidence:0.6160205074468834],一九五三年夏 [confidence:0.9232541978815547]
ku cai hua,ERROR: input text too long : 282131 [confidence:0.0] | ,ERROR: input text too long : 282131 [confidence:0.0] | 
mi mi tu zhi,ERROR: input text too long : 282131 [confidence:0.0] | ,ERROR: input text too long : 282131 [confidence:0.0] | 
di dao zhan,ERROR: input text too long : 282131 [confidence:0.0] | ,ERROR: input text too long : 282131 [confidence:0.0] | 
sheng li zai wang,ERROR: input text too long : 282131 [confidence:0.0] | ,ERROR: input text too long : 282131 [confidence:0.0] | 
ye lin nu huo,ERROR: input text too long : 282131 [confidence:0.0] | ,ERROR: input text too long : 282131 [confidence:0.0] | 
jun ken zhan ge,新疆维吾尔自治区 [confidence:0.518891390825555] | 新疆 [confidence:0.6925775464937267] | 南泥湾 [confidence:0.4090143665464119] | 新疆 [confidence:0.8772501106798103] | 石河子垦区 [confidence:0.3883381122993512],一九六五年七月 [confidence:0.8016754657019192]
dong fang hong,中国 [confidence:0.29300818980857457],None
shuang jiao zi,None,None
shan cun xin qu,None,None
da tong luo 、bu guo,None,None
hong mei ling,红梅岭 [confidence:0.775483660737617] | 红梅岭 [confidence:0.6979890885122444],几个月后 [confidence:0.397659431496443]
ren huan ma jiao,None,生产大忙季节 [confidence:0.3458310740853143]
jun ge liao liang,None,None
ha er bin zhi xia,None,None
yan hong ling xia,None,None
hong se you lu,京西山区 [confidence:0.6287896043735444],None
nv fei xing yuan,None,None
hong shi zhong sheng,ERROR: input text too long : 282131 [confidence:0.0] | ,ERROR: input text too long : 282131 [confidence:0.0] | 
ta men zai cheng zhang,None,None
shang hai gong yi mei shu,None,一九六六年 [confidence:0.5575942390781101]
yi bai ge fang xin,None,None
qing chun hong si huo,农村 [confidence:0.4850981641605365],None
you xiang,None,一天 [confidence:0.4250596667010811]
jie niu,None,None
song liang,湖南大围山区 [confidence:0.36813579325339063],一九三四年秋 [confidence:0.9082024280475736]
da lang tao sha,ERROR: input text too long : 282131 [confidence:0.0] | ,ERROR: input text too long : 282131 [confidence:0.0] | 
yi dai mai zhong,None,None
lao bao guan 、xin xi fu lai le,None,None
yi chuan xiang lian,None,None
ye lai feng yu sheng,香港 [confidence:0.805722383788904],None
sen lin da xue an,郊外的密林中 [confidence:0.7964919103008334],不久以后 [confidence:0.8176480991050994]
han shan si zhong sheng,寒山寺 [confidence:0.6085771470591226],两年之前 [confidence:0.8624195171491067]
nian nian ru yi,None,None
tong xin jie,None,None
e ren xing,None,None
nv er chun,上海 [confidence:0.4330868744661345],None
ren shou zhi jian,家中 [confidence:0.38809663642357606],None
ren zai wu yan xia,上海 [confidence:0.2802061824239388],None
nv da heng,None,None
tai ping qiao de nu chao,江浙 [confidence:0.4385725851533948] | 太平桥 [confidence:0.7243754051651621],None
jiang cun you xia zhuan,江巷镇 [confidence:0.8930520280203531],None
da jia huan xi,南京城 [confidence:0.6858851542350379],None
huan nan fu qi,None,1948年 [confidence:0.36178619603814255]
hun yan da shi,None,解放后 [confidence:0.3127693558679816]
san bai liu shi hang,None,None
shuo huang de zhang fu,None,None
yin yang jie,香港 [confidence:0.7952166439562802] | 香港 [confidence:0.7371199401565462] | 香港 [confidence:0.6836365286179635] | 香港 [confidence:0.8196140924420092],None
shi liu hong,江南 [confidence:0.91708299124398],清朝咸丰年间 [confidence:0.5671187921591319]
zhi bu guo shi ai qing,海南岛 [confidence:0.5446793267528705] | 海南岛 [confidence:0.28932113741611687],None
da lei yu,None,None
ye ying qu,西子湖畔 [confidence:0.5779987971923362],十二年前 [confidence:0.2727627385076836]
shi li chuan jia,西北 [confidence:0.9229163303446981],None
ying mi zhuan,美国西部 [confidence:0.9006816192610785] | 美国 [confidence:0.29899309605156077],None
zi you tian di,北平 [confidence:0.7639545326265704],None
tai tai wen ti,None,None
huan tian xi di,None,一年之后 [confidence:0.6718100235702664]
die lian hua,None,None
wang chuan qiu shui,解放区 [confidence:0.5847251726445108] | 西南 [confidence:0.5260117260121007],None
shi qu de ai qing,日本 [confidence:0.5172414813956081],None
yi xiang tian kai,None,None
nv zei,ERROR: input text too long : 282131 [confidence:0.0] | ,ERROR: input text too long : 282131 [confidence:0.0] | 
wan huo de nv ren,None,None
sheng ming jiao xiang qu,None,1927年 [confidence:0.808090861169859]
yue ju jing hua,褒城县 [confidence:0.6754210237967797],None
xun meng ji,None,清晨 [confidence:0.5495250037567132]
shi er xiao shi de qi ji,None,None
xi ying chun,None,None
xi wang zai ren jian,None,“八一三”后 [confidence:0.6150826851771853]
fu fu jin xing qu,中国 [confidence:0.7957525960348626],解放前夕 [confidence:0.36171300052371436]
zi mei yuan jia,None,None
yan hua nv er fan shen ji,中国 [confidence:0.7053034639862261],None
fu nv chun qiu,迎春里 [confidence:0.7790112509243805],None
zai sheng feng huang,北平 [confidence:0.7260777324053933] | 北平 [confidence:0.8718220053248302],抗战胜利后 [confidence:0.5345141156953837]
jiang nan chun xiao,None,1947年 [confidence:0.5625744304660074]
qing deng yuan,牛头山根据地 [confidence:0.41136983813187555],None
kong su,路上 [confidence:0.3273111280920489],None
guang hui can lan,None,解放前夜 [confidence:0.7468489223937951]
yi pian xin,小王庄 [confidence:0.44951300082377443],None
gao qin fu,三圣母庙 [confidence:0.535209194258357],None
shen tao da,None,18年后 [confidence:0.5019587148739575]
bao zhong qu bao,None,None
duo deng,None,快到正月十五了 [confidence:0.46645872148711476]
song wen shen,余江县 [confidence:0.5693001350575599],None
zhou xin fang de wu tai yi shu,ERROR: input text too long : 282131 [confidence:0.0] | ,ERROR: input text too long : 282131 [confidence:0.0] | 
ji mao fei shang tian,ERROR: input text too long : 282131 [confidence:0.0] | ,ERROR: input text too long : 282131 [confidence:0.0] | 
long fei feng wu,None,None
ai le zhong nian,ERROR: input text too long : 282131 [confidence:0.0] | ,ERROR: input text too long : 282131 [confidence:0.0] | 
can dong,None,None
die hai xiong feng,北方 [confidence:0.34910820325009695],抗战期间 [confidence:0.35760232915676937]
huang yuan yan ji,公寓 [confidence:0.3786748843009491],回家后的第二天 [confidence:0.7410941726838836]
ji fan feng yu,None,抗战时期 [confidence:0.5000211409600688]
li ren xing,None,1944年 [confidence:0.6555669362832219]
mu qin (1949),陋巷 [confidence:0.6236329482485239],None
qing shan cui gu,None,None
sha ren ye,None,None
shi san hao nv dao,None,三年前的一天 [confidence:0.9255837459841061]
shuang qiang nv xia,None,None
yin hai huan meng,None,大年除夕 [confidence:0.7073051625376934]
ying cheng qi tan,None,None
zai sheng nian hua,None,None
chou shen si hai,南河泾 [confidence:0.4096183662817765] | 苏北 [confidence:0.43292071097177853],None
he ping ge,朝鲜半岛 [confidence:0.3786768914935692],None
san dui fu qi,江南 [confidence:0.9597906567450991],None
xiang si shu,清凌台 [confidence:0.3299213252851274],None
yuan yang jian,绍兴 [confidence:0.8389510756583647],None
